npb_player_id,name_ja,name_en,team,team_code,position,uniform_no,throw_hand,bat_hand,is_new_2026
31235150,嶋村 麟士朗,,阪神タイガース,H,捕　手,,R,L,1
91495138,濱田 太貴,,阪神タイガース,H,外野手,,R,R,0
31335151,井上 広大,,阪神タイガース,H,,,R,R,0
31335139,岩崎 優,,阪神タイガース,H,,,L,L,0
51355139,岩貞 祐太,,阪神タイガース,H,,,L,L,0
71275118,西 勇輝,,阪神タイガース,H,,,R,R,0
71375150,伊原 陵人,,阪神タイガース,H,,,L,L,0
61965159,下村 海翔,,阪神タイガース,H,,,R,R,0
41345136,大竹 耕太郎,,阪神タイガース,H,,,L,L,0
21925159,椎葉 剛,,阪神タイガース,H,,,R,R,0
71375153,伊藤 将司,,阪神タイガース,H,,,L,L,0
31935150,今朝丸 裕喜,,阪神タイガース,H,,,R,R,0
91095136,髙橋 遥人,,阪神タイガース,H,,,L,L,0
53355157,門別 啓人,,阪神タイガース,H,,,L,L,0
41745134,才木 浩人,,阪神タイガース,H,,,R,R,0
31635134,畠 世周,,阪神タイガース,H,,,R,L,0
91795151,及川 雅貴,,阪神タイガース,H,,,L,L,0
13315153,村上 頌樹,,阪神タイガース,H,,,R,L,0
73975152,Ｅ．ルーカス,Easton Lucas,阪神タイガース,H,,,L,L,0
31635152,早瀬 朔,,阪神タイガース,H,,,R,L,0
63765152,Ｃ．ラグズデール,Carson Ragsdale,阪神タイガース,H,,,R,R,0
01705155,桐敷 拓馬,,阪神タイガース,H,,,L,L,0
81185157,茨木 秀俊,,阪神タイガース,H,,,R,R,0
81785150,工藤 泰成,,阪神タイガース,H,,,R,L,0
51255157,富田 蓮,,阪神タイガース,H,,,L,L,0
57955159,早川 太貴,,阪神タイガース,H,,,R,R,0
41745150,木下 里都,,阪神タイガース,H,,,R,R,0
17915159,能登 嵩都,,阪神タイガース,H,,,R,R,0
01105159,石黒 佑弥,,阪神タイガース,H,,,R,R,0
11515155,岡留 英貴,,阪神タイガース,H,,,R,R,0
41845138,湯浅 京己,,阪神タイガース,H,,,R,R,0
11415159,津田 淳哉,,阪神タイガース,H,,,R,R,0
41145153,石井 大智,,阪神タイガース,H,,,R,R,0
03505132,Ｒ．ドリス,Rafael Dolis,阪神タイガース,H,,,R,R,0
03705152,Ｄ．モレッタ,Dauri Moreta,阪神タイガース,H,,,R,R,0
21325139,梅野 隆太郎,,阪神タイガース,H,,,R,R,0
11915132,坂本 誠志郎,,阪神タイガース,H,,,R,R,0
61065137,伏見 寅威,,阪神タイガース,H,,,R,R,0
51055153,榮枝 裕貴,,阪神タイガース,H,,,R,R,0
41845150,町田 隼乙,,阪神タイガース,H,,,R,R,0
91495134,長坂 拳弥,,阪神タイガース,H,,,R,R,0
91695151,藤田 健斗,,阪神タイガース,H,,,R,R,0
51455155,中川 勇斗,,阪神タイガース,H,,,R,R,0
33335153,元山 飛優,,阪神タイガース,H,,,R,L,0
31735138,木浪 聖也,,阪神タイガース,H,,,R,L,0
21325134,大山 悠輔,,阪神タイガース,H,,,R,R,0
81585136,熊谷 敬宥,,阪神タイガース,H,,,R,R,0
41445153,中野 拓夢,,阪神タイガース,H,,,R,L,0
91295152,立石 正広,,阪神タイガース,H,,,R,R,0
83585152,Ｃ．ディベイニー,Cam Devanney,阪神タイガース,H,,,R,R,0
01205152,谷端 将伍,,阪神タイガース,H,,,R,R,0
81185134,糸原 健斗,,阪神タイガース,H,,,R,L,0
31535138,小幡 竜平,,阪神タイガース,H,,,R,L,0
91095150,佐野 大陽,,阪神タイガース,H,,,R,R,0
63365159,山田 脩也,,阪神タイガース,H,,,R,R,0
23325159,百﨑 蒼生,,阪神タイガース,H,,,R,R,0
01305130,植田 海,,阪神タイガース,H,,,R,B,0
41245153,髙寺 望夢,,阪神タイガース,H,,,R,L,0
43145157,森下 翔太,,阪神タイガース,H,,,R,R,0
71075138,近本 光司,,阪神タイガース,H,,,L,L,0
91595152,岡城 快生,,阪神タイガース,H,,,R,R,0
41145157,井坪 陽生,,阪神タイガース,H,,,R,R,0
91995136,島田 海吏,,阪神タイガース,H,,,R,L,0
21825155,前川 右京,,阪神タイガース,H,,,L,L,0
71775151,小野寺 暖,,阪神タイガース,H,,,R,R,0
31435155,豊田 寛,,阪神タイガース,H,,,R,R,0
41045153,佐藤 輝明,,阪神タイガース,H,,,R,L,0
21825153,平内 龍太,,読売ジャイアンツ,G,平内龍太,66,R,R,0
33135155,松浦 慶斗,,読売ジャイアンツ,G,投　手,,L,L,0
31735155,菊地 大稀,,読売ジャイアンツ,G,,,R,L,0
11215114,田中 将大,,読売ジャイアンツ,G,,,R,R,0
81085155,大勢,,読売ジャイアンツ,G,,,R,R,0
31635159,西舘 勇陽,,読売ジャイアンツ,G,,,R,R,0
03305153,山﨑 伊織,,読売ジャイアンツ,G,,,R,L,0
41045138,戸郷 翔征,,読売ジャイアンツ,G,,,R,R,0
71275152,竹丸 和幸,,読売ジャイアンツ,G,,,L,L,0
53355152,Ｆ．ウィットリー,Forrest Whitley,読売ジャイアンツ,G,,,R,R,0
23725150,Ｓ．ハワード,Spencer Howard,読売ジャイアンツ,G,,,R,R,0
21225152,田和 廉,,読売ジャイアンツ,G,,,R,R,0
51155155,赤星 優志,,読売ジャイアンツ,G,,,R,R,0
43145152,山城 京平,,読売ジャイアンツ,G,,,L,L,0
81285132,中川 皓太,,読売ジャイアンツ,G,,,L,L,0
53755152,Ｂ．マタ,Bryan Mata,読売ジャイアンツ,G,,,R,R,0
51055137,則本 昂大,,読売ジャイアンツ,G,,,R,L,0
61065136,田中 瑛斗,,読売ジャイアンツ,G,,,R,L,0
33135159,又木 鉄平,,読売ジャイアンツ,G,,,L,L,0
43345159,森田 駿哉,,読売ジャイアンツ,G,,,L,L,0
91095157,田中 千晴,,読売ジャイアンツ,G,,,R,R,0
23225157,Ａ．バルドナード,Alberto Baldonado,読売ジャイアンツ,G,,,L,L,0
91095134,高梨 雄平,,読売ジャイアンツ,G,,,L,L,0
01505136,北浦 竜次,,読売ジャイアンツ,G,,,L,L,0
13115150,宮原 駿介,,読売ジャイアンツ,G,,,L,L,0
31835157,船迫 大雅,,読売ジャイアンツ,G,,,R,L,0
81885138,横川 凱,,読売ジャイアンツ,G,,,L,L,0
01105138,泉 圭輔,,読売ジャイアンツ,G,,,R,R,0
53555155,山田 龍聖,,読売ジャイアンツ,G,,,L,L,0
61165153,石川 達也,,読売ジャイアンツ,G,,,L,R,0
21625151,堀田 賢慎,,読売ジャイアンツ,G,,,R,R,0
23925134,Ｒ．マルティネス,Raidel Martinez,読売ジャイアンツ,G,,,R,L,0
51355151,井上 温大,,読売ジャイアンツ,G,,,L,L,0
91595133,甲斐 拓也,,読売ジャイアンツ,G,,,R,R,0
91795139,小林 誠司,,読売ジャイアンツ,G,,,R,R,0
21325136,大城 卓三,,読売ジャイアンツ,G,,,R,L,0
91595136,岸田 行倫,,読売ジャイアンツ,G,,,R,R,0
91795134,郡 拓也,,読売ジャイアンツ,G,,,R,R,0
03105151,山瀬 慎之助,,読売ジャイアンツ,G,,,R,R,0
43145136,湯浅 大,,読売ジャイアンツ,G,,,R,R,0
51855132,増田 大輝,,読売ジャイアンツ,G,,,R,R,0
73375134,吉川 尚輝,,読売ジャイアンツ,G,,,R,L,0
11515157,門脇 誠,,読売ジャイアンツ,G,,,R,L,0
51955114,坂本 勇人,,読売ジャイアンツ,G,,,R,R,0
61165150,石塚 裕惺,,読売ジャイアンツ,G,,,R,R,0
63565152,Ｂ．ダルベック,Bobby Dalbec,読売ジャイアンツ,G,,,R,R,0
81385150,浦田 俊輔,,読売ジャイアンツ,G,,,R,L,0
61765152,小濱 佑斗,,読売ジャイアンツ,G,,,R,R,0
61165159,泉口 友汰,,読売ジャイアンツ,G,,,R,L,0
11015136,リチャード,,読売ジャイアンツ,G,,,R,R,0
71175150,荒巻 悠,,読売ジャイアンツ,G,,,R,L,0
01605138,増田 陸,,読売ジャイアンツ,G,,,R,R,0
21625152,藤井 健翔,,読売ジャイアンツ,G,,,R,R,0
21425116,丸 佳浩,,読売ジャイアンツ,G,,,R,L,0
21625135,松本 剛,,読売ジャイアンツ,G,,,R,R,0
81485157,萩尾 匡也,,読売ジャイアンツ,G,,,R,R,0
73575150,Ｔ．キャベッジ,Trey Cabbage,読売ジャイアンツ,G,,,R,L,0
81385155,岡田 悠希,,読売ジャイアンツ,G,,,R,L,0
33135152,皆川 岳飛,,読売ジャイアンツ,G,,,R,L,0
51655153,中山 礼都,,読売ジャイアンツ,G,,,R,L,0
51955159,佐々木 俊輔,,読売ジャイアンツ,G,,,R,L,0
91195157,浅野 翔吾,,読売ジャイアンツ,G,,,R,R,0
53555153,若林 楽人,,読売ジャイアンツ,G,,,R,R,0
13115157,三塚 琉生,,読売ジャイアンツ,G,,,L,L,0
91995131,長野 久義,,読売ジャイアンツ,G,,,R,R,1
91595153,内山 壮真,,東京ヤクルトスワローズ,S,内山壮真,3,R,R,0
41545153,大道 温貴,,東京ヤクルトスワローズ,S,投　手,,R,R,0
21125137,石山 泰稚,,東京ヤクルトスワローズ,S,,,R,R,0
91695150,中村 優斗,,東京ヤクルトスワローズ,S,,,R,L,0
51955138,清水 昇,,東京ヤクルトスワローズ,S,,,R,L,0
31735151,奥川 恭伸,,東京ヤクルトスワローズ,S,,,R,R,0
11315115,石川 雅規,,東京ヤクルトスワローズ,S,,,L,L,0
11915153,木澤 尚文,,東京ヤクルトスワローズ,S,,,R,R,0
53555157,吉村 貢司郎,,東京ヤクルトスワローズ,S,,,R,R,0
11815134,星 知弥,,東京ヤクルトスワローズ,S,,,R,R,0
63365153,山野 太一,,東京ヤクルトスワローズ,S,,,L,L,0
03105159,松本 健吾,,東京ヤクルトスワローズ,S,,,R,R,0
11515137,小川 泰弘,,東京ヤクルトスワローズ,S,,,R,R,0
91295150,荘司 宏太,,東京ヤクルトスワローズ,S,,,L,L,0
23125152,山崎 太陽,,東京ヤクルトスワローズ,S,,,R,R,0
41945139,田口 麗斗,,東京ヤクルトスワローズ,S,,,L,L,0
41145159,石原 勇輝,,東京ヤクルトスワローズ,S,,,L,L,0
21925139,高梨 裕稔,,東京ヤクルトスワローズ,S,,,R,R,0
71575134,拓也,,東京ヤクルトスワローズ,S,,,R,R,0
01805152,増居 翔太,,東京ヤクルトスワローズ,S,,,L,L,0
41545151,大西 広樹,,東京ヤクルトスワローズ,S,,,R,R,0
01705132,小澤 怜史,,東京ヤクルトスワローズ,S,,,R,L,0
51055132,高橋 奎二,,東京ヤクルトスワローズ,S,,,L,L,0
61065152,鈴木 蓮吾,,東京ヤクルトスワローズ,S,,,L,L,0
11615134,長谷川 宙輝,,東京ヤクルトスワローズ,S,,,L,L,0
81785157,坂本 拓己,,東京ヤクルトスワローズ,S,,,L,L,0
63965150,Ｎ．ウォルターズ,Nash Walters,東京ヤクルトスワローズ,S,,,R,R,0
01105152,飯田 琉斗,,東京ヤクルトスワローズ,S,,,R,R,0
13915152,Ｊ．リランソ,Jesus Liranzo,東京ヤクルトスワローズ,S,,,R,R,0
81785136,阪口 皓亮,,東京ヤクルトスワローズ,S,,,R,L,0
43145153,丸山 翔大,,東京ヤクルトスワローズ,S,,,R,L,0
77575159,下川 隼佑,,東京ヤクルトスワローズ,S,,,R,R,0
61265138,沼田 翔平,,東京ヤクルトスワローズ,S,,,R,R,0
71175132,青柳 晃洋,,東京ヤクルトスワローズ,S,,,R,R,0
01705134,古賀 優大,,東京ヤクルトスワローズ,S,,,R,R,0
51255118,中村 悠平,,東京ヤクルトスワローズ,S,,,R,R,0
51855136,松本 直樹,,東京ヤクルトスワローズ,S,,,R,R,0
21525132,柿沼 友哉,,東京ヤクルトスワローズ,S,,,R,R,0
11615157,橋本 星哉,,東京ヤクルトスワローズ,S,,,R,L,0
43145150,矢野 泰二郎,,東京ヤクルトスワローズ,S,,,R,R,0
01005159,鈴木 叶,,東京ヤクルトスワローズ,S,,,R,R,0
51155153,赤羽 由紘,,東京ヤクルトスワローズ,S,,,R,R,0
91895133,山田 哲人,,東京ヤクルトスワローズ,S,,,R,R,0
61865152,松下 歩叶,,東京ヤクルトスワローズ,S,,,R,R,0
51455151,長岡 秀樹,,東京ヤクルトスワローズ,S,,,R,L,0
61865132,茂木 栄五郎,,東京ヤクルトスワローズ,S,,,R,L,0
01805136,宮本 丈,,東京ヤクルトスワローズ,S,,,R,L,0
23525153,Ｊ．オスナ,Jose Osuna,東京ヤクルトスワローズ,S,,,R,R,0
21825138,山野辺 翔,,東京ヤクルトスワローズ,S,,,R,R,0
41145152,石井 巧,,東京ヤクルトスワローズ,S,,,R,R,0
41845152,松川 玲央,,東京ヤクルトスワローズ,S,,,R,L,0
01505157,北村 恵吾,,東京ヤクルトスワローズ,S,,,R,R,0
01405150,田中 陽翔,,東京ヤクルトスワローズ,S,,,R,L,0
71275151,武岡 龍世,,東京ヤクルトスワローズ,S,,,R,L,0
81185159,伊藤 琉偉,,東京ヤクルトスワローズ,S,,,R,R,0
91695153,並木 秀尊,,東京ヤクルトスワローズ,S,,,R,R,0
93195155,丸山 和郁,,東京ヤクルトスワローズ,S,,,L,L,0
71975136,塩見 泰隆,,東京ヤクルトスワローズ,S,,,R,R,0
53755153,Ｄ．サンタナ,Domingo Santana,東京ヤクルトスワローズ,S,,,R,R,0
93195150,モイセエフ ニキータ,,東京ヤクルトスワローズ,S,,,L,L,0
91495157,西村 瑠伊斗,,東京ヤクルトスワローズ,S,,,R,L,0
51955157,澤井 廉,,東京ヤクルトスワローズ,S,,,L,L,0
11815136,増田 珠,,東京ヤクルトスワローズ,S,,,R,R,0
51355155,岩田 幸宏,,東京ヤクルトスワローズ,S,,,L,L,0
63365152,Ｊ．キハダ,Jose Quijada,東京ヤクルトスワローズ,S,,,L,L,1
31735112,川端 慎吾,,東京ヤクルトスワローズ,S,,,R,L,1
91095138,知野 直人,,中日ドラゴンズ,D,内野手,,R,R,0
71675157,濱 将乃介,,中日ドラゴンズ,D,,,R,L,0
51455152,中西 聖輝,,中日ドラゴンズ,D,,,R,R,0
21425151,橋本 侑樹,,中日ドラゴンズ,D,,,L,L,0
91795159,草加 勝,,中日ドラゴンズ,D,,,R,R,0
21925152,櫻井 頼之介,,中日ドラゴンズ,D,,,R,R,0
63165134,柳 裕也,,中日ドラゴンズ,D,,,R,R,0
61265153,髙橋 宏斗,,中日ドラゴンズ,D,,,R,R,0
31635110,涌井 秀章,,中日ドラゴンズ,D,,,R,R,0
61565150,金丸 夢斗,,中日ドラゴンズ,D,,,L,L,0
11515133,大野 雄大,,中日ドラゴンズ,D,,,L,L,0
41245157,仲地 礼亜,,中日ドラゴンズ,D,,,R,R,0
73175153,松木平 優太,,中日ドラゴンズ,D,,,R,R,0
81285138,根尾 昂,,中日ドラゴンズ,D,,,R,L,0
61165157,伊藤 茉央,,中日ドラゴンズ,D,,,R,L,0
41645132,福 敬登,,中日ドラゴンズ,D,,,L,L,0
31835159,福田 幸之介,,中日ドラゴンズ,D,,,L,L,0
21225137,松葉 貴大,,中日ドラゴンズ,D,,,L,L,0
21525138,勝野 昌慶,,中日ドラゴンズ,D,,,R,R,0
51355134,梅野 雄吾,,中日ドラゴンズ,D,,,R,R,0
93395150,吉田 聖弥,,中日ドラゴンズ,D,,,L,L,0
01905136,清水 達也,,中日ドラゴンズ,D,,,R,R,0
81985152,篠﨑 国忠,,中日ドラゴンズ,D,,,R,R,0
21625134,藤嶋 健人,,中日ドラゴンズ,D,,,R,R,0
11915130,齋藤 綱記,,中日ドラゴンズ,D,,,L,L,0
41245150,高橋 幸佑,,中日ドラゴンズ,D,,,L,L,0
91195150,有馬 惠叶,,中日ドラゴンズ,D,,,R,R,0
23125155,三浦 瑞樹,,中日ドラゴンズ,D,,,L,R,0
11015153,近藤 廉,,中日ドラゴンズ,D,,,L,L,0
61865157,松山 晋也,,中日ドラゴンズ,D,,,R,R,0
21125150,石伊 雄太,,中日ドラゴンズ,D,,,R,R,0
31735132,木下 拓哉,,中日ドラゴンズ,D,,,R,R,0
61365132,宇佐見 真吾,,中日ドラゴンズ,D,,,R,L,0
83185155,味谷 大誠,,中日ドラゴンズ,D,,,R,L,0
41545130,加藤 匠馬,,中日ドラゴンズ,D,,,R,R,0
91195138,石橋 康太,,中日ドラゴンズ,D,,,R,R,0
61265159,辻本 倫太郎,,中日ドラゴンズ,D,,,R,R,0
21025157,田中 幹也,,中日ドラゴンズ,D,,,R,R,0
91095135,高橋 周平,,中日ドラゴンズ,D,,,R,L,0
03105157,村松 開人,,中日ドラゴンズ,D,,,R,L,0
81685157,福永 裕基,,中日ドラゴンズ,D,,,R,R,0
91195151,石川 昂弥,,中日ドラゴンズ,D,,,R,R,0
03105150,森 駿太,,中日ドラゴンズ,D,,,R,L,0
51455153,土田 龍空,,中日ドラゴンズ,D,,,R,L,0
61165132,阿部 寿樹,,中日ドラゴンズ,D,,,R,R,0
91095152,新保 茉良,,中日ドラゴンズ,D,,,R,L,0
93195132,山本 泰寛,,中日ドラゴンズ,D,,,R,R,0
91395132,板山 祐太郎,,中日ドラゴンズ,D,,,R,L,0
21625157,樋口 正修,,中日ドラゴンズ,D,,,R,L,0
71575159,尾田 剛樹,,中日ドラゴンズ,D,,,L,L,0
81585151,岡林 勇希,,中日ドラゴンズ,D,,,R,L,0
01305131,大島 洋平,,中日ドラゴンズ,D,,,L,L,0
71875155,ブライト 健太,,中日ドラゴンズ,D,,,R,R,0
81585132,川越 誠司,,中日ドラゴンズ,D,,,L,L,0
91395139,上林 誠知,,中日ドラゴンズ,D,,,R,L,0
31835134,細川 成也,,中日ドラゴンズ,D,,,R,R,0
61465152,花田 旭,,中日ドラゴンズ,D,,,R,R,0
71375155,鵜飼 航丞,,中日ドラゴンズ,D,,,R,R,0
41445152,能戸 輝夢,,中日ドラゴンズ,D,,,R,L,0
73575159,Ａ．アブレウ,Albert Abreu,中日ドラゴンズ,D,,,R,L,1
13915150,Ｋ．マラー,Kyle Muller,中日ドラゴンズ,D,,,L,R,0
93795157,Ｏ．カリステ,Orlando Calixte,中日ドラゴンズ,D,,,R,R,0
73575152,Ｍ．サノー,Miguel Sano,中日ドラゴンズ,D,,,R,R,1
83785150,Ｊ．ボスラー,Jason Vosler,中日ドラゴンズ,D,,,R,L,0
93295157,Ｈ．メヒア,Humberto Mejia,中日ドラゴンズ,D,,,R,R,0
31935138,島内 颯太郎,,広島東洋カープ,C,島内颯太郎,43,R,R,0
51355157,内田 湘大,,広島東洋カープ,C,内田湘大,63,R,R,0
71075157,辰見 鴻之介,,広島東洋カープ,C,内野手,,R,R,0
51955152,齊藤 汰直,,広島東洋カープ,C,,,R,R,0
73375153,森浦 大輔,,広島東洋カープ,C,,,L,L,0
61365139,大瀬良 大地,,広島東洋カープ,C,,,R,R,0
93395155,森 翔平,,広島東洋カープ,C,,,L,L,0
31435159,常廣 羽也斗,,広島東洋カープ,C,,,R,R,0
53155151,森下 暢仁,,広島東洋カープ,C,,,R,R,0
11415134,床田 寛樹,,広島東洋カープ,C,,,L,L,0
91995153,栗林 良吏,,広島東洋カープ,C,,,R,R,0
31235133,中﨑 翔太,,広島東洋カープ,C,,,R,R,0
41045159,髙 太一,,広島東洋カープ,C,,,L,L,0
41745155,黒原 拓未,,広島東洋カープ,C,,,L,L,0
91895157,益田 武尚,,広島東洋カープ,C,,,R,R,0
71075150,佐藤 柳之介,,広島東洋カープ,C,,,L,L,0
71775136,ケムナ 誠,,広島東洋カープ,C,,,R,R,0
31235159,滝田 一希,,広島東洋カープ,C,,,L,L,0
01005134,高橋 昂也,,広島東洋カープ,C,,,L,L,0
91795152,工藤 泰己,,広島東洋カープ,C,,,R,R,0
21625130,塹江 敦哉,,広島東洋カープ,C,,,L,L,0
31135152,赤木 晴哉,,広島東洋カープ,C,,,R,R,0
51655157,長谷部 銀次,,広島東洋カープ,C,,,L,L,0
61065151,鈴木 健矢,,広島東洋カープ,C,,,R,L,0
43545152,Ｆ．ターノック,Freddy Tarnok,広島東洋カープ,C,,,R,R,0
73175155,松本 竜也,,広島東洋カープ,C,,,R,R,0
81085152,髙木 快大,,広島東洋カープ,C,,,R,R,0
61765157,斉藤 優汰,,広島東洋カープ,C,,,R,L,0
31135134,アドゥワ 誠,,広島東洋カープ,C,,,R,R,0
91595150,岡本 駿,,広島東洋カープ,C,,,R,L,0
41245151,玉村 昇悟,,広島東洋カープ,C,,,L,L,0
71375136,遠藤 淳志,,広島東洋カープ,C,,,R,R,0
91795150,菊地 ハルン,,広島東洋カープ,C,,,R,R,0
73975159,Ｔ．ハーン,Taylor Hearn,広島東洋カープ,C,,,L,L,0
41645157,日髙 暖己,,広島東洋カープ,C,,,R,L,0
81085157,辻 大雅,,広島東洋カープ,C,,,L,L,0
31135114,會澤 翼,,広島東洋カープ,C,,,R,R,0
11915134,坂倉 将吾,,広島東洋カープ,C,,,R,L,0
21125151,石原 貴規,,広島東洋カープ,C,,,R,R,0
81885151,持丸 泰輝,,広島東洋カープ,C,,,R,L,0
91995157,清水 叶人,,広島東洋カープ,C,,,R,L,0
11215155,髙木 翔斗,,広島東洋カープ,C,,,R,R,0
71475138,羽月 隆太郎,,広島東洋カープ,C,,,R,L,0
81585152,勝田 成,,広島東洋カープ,C,,,R,L,0
93395153,矢野 雅哉,,広島東洋カープ,C,,,R,L,0
01705138,小園 海斗,,広島東洋カープ,C,,,R,L,0
61965131,堂林 翔太,,広島東洋カープ,C,,,R,R,0
11015150,佐々木 泰,,広島東洋カープ,C,,,R,R,0
61565135,菊池 涼介,,広島東洋カープ,C,,,R,R,0
01405138,林 晃汰,,広島東洋カープ,C,,,R,L,0
13515150,渡邉 悠斗,,広島東洋カープ,C,,,R,R,0
01405152,西川 篤夢,,広島東洋カープ,C,,,R,L,0
41445159,仲田 侑仁,,広島東洋カープ,C,,,R,R,0
41845155,前川 誠太,,広島東洋カープ,C,,,R,R,0
71975159,佐藤 啓介,,広島東洋カープ,C,,,R,L,0
53955150,Ｅ．モンテロ,Elehuris Montero,広島東洋カープ,C,,,R,R,0
91895153,二俣 翔一,,広島東洋カープ,C,,,R,R,0
31135133,秋山 翔吾,,広島東洋カープ,C,,,R,L,0
01405130,野間 峻祥,,広島東洋カープ,C,,,R,L,0
71675152,平川 蓮,,広島東洋カープ,C,,,R,B,0
51055155,末包 昇大,,広島東洋カープ,C,,,R,R,0
81585157,久保 修,,広島東洋カープ,C,,,R,R,0
21325138,大盛 穂,,広島東洋カープ,C,,,R,L,0
61265155,田村 俊介,,広島東洋カープ,C,,,L,L,0
43745150,Ｓ．ファビアン,Sandro Fabian,広島東洋カープ,C,,,R,R,0
81285136,中村 奨成,,広島東洋カープ,C,,,R,R,0
61265157,中村 貴浩,,広島東洋カープ,C,,,R,L,0
91495150,田内 真翔,,横浜DeNAベイスターズ,DB,田内真翔,56,R,R,0
91895155,古市 尊,,横浜DeNAベイスターズ,DB,捕　手,,R,R,0
13715150,Ｊ．デュプランティエ,Jon Duplantier,横浜DeNAベイスターズ,DB,,,R,L,0
51155136,東 克樹,,横浜DeNAベイスターズ,DB,,,L,L,0
11415150,竹田 祐,,横浜DeNAベイスターズ,DB,,,R,R,0
41145151,伊勢 大夢,,横浜DeNAベイスターズ,DB,,,R,R,0
11315130,石田 健大,,横浜DeNAベイスターズ,DB,,,L,L,0
11015152,島田 舜也,,横浜DeNAベイスターズ,DB,,,R,R,0
01305138,大貫 晋一,,横浜DeNAベイスターズ,DB,,,R,R,0
31935155,小園 健太,,横浜DeNAベイスターズ,DB,,,R,R,0
41845130,山﨑 康晃,,横浜DeNAベイスターズ,DB,,,R,R,0
11015151,坂本 裕哉,,横浜DeNAベイスターズ,DB,,,L,L,0
61365153,入江 大生,,横浜DeNAベイスターズ,DB,,,R,R,0
33535157,吉野 光樹,,横浜DeNAベイスターズ,DB,,,R,R,0
41045137,藤浪 晋太郎,,横浜DeNAベイスターズ,DB,,,R,R,0
41045150,篠木 健太郎,,横浜DeNAベイスターズ,DB,,,R,L,0
91295159,武田 陸玖,,横浜DeNAベイスターズ,DB,,,L,L,0
31635157,橋本 達弥,,横浜DeNAベイスターズ,DB,,,R,R,0
23125159,松本 凌人,,横浜DeNAベイスターズ,DB,,,R,R,0
63365150,若松 尚輝,,横浜DeNAベイスターズ,DB,,,R,R,0
71975134,佐々木 千隼,,横浜DeNAベイスターズ,DB,,,R,R,0
83385152,Ａ．コックス,Austin Cox,横浜DeNAベイスターズ,DB,,,L,L,0
61665155,深沢 鳳介,,横浜DeNAベイスターズ,DB,,,R,R,0
93195134,森原 康平,,横浜DeNAベイスターズ,DB,,,R,L,0
61965150,坂口 翔颯,,横浜DeNAベイスターズ,DB,,,R,R,0
61565152,片山 皓心,,横浜DeNAベイスターズ,DB,,,L,L,0
53955152,Ｊ．ルイーズ,Jose Ruiz,横浜DeNAベイスターズ,DB,,,R,R,0
21425153,中川 颯,,横浜DeNAベイスターズ,DB,,,R,L,0
21125159,石田 裕太郎,,横浜DeNAベイスターズ,DB,,,R,R,0
01905139,平良 拳太郎,,横浜DeNAベイスターズ,DB,,,R,R,0
93995152,Ｓ．レイノルズ,Sean Reynolds,横浜DeNAベイスターズ,DB,,,R,L,0
21225136,中川 虎大,,横浜DeNAベイスターズ,DB,,,R,R,0
51855138,宮城 滝太,,横浜DeNAベイスターズ,DB,,,R,R,0
81385153,岩田 将貴,,横浜DeNAベイスターズ,DB,,,L,L,0
71875134,堀岡 隼人,,横浜DeNAベイスターズ,DB,,,R,R,0
21825157,松尾 汐恩,,横浜DeNAベイスターズ,DB,,,R,R,0
41245132,戸柱 恭孝,,横浜DeNAベイスターズ,DB,,,R,L,0
91695138,益子 京右,,横浜DeNAベイスターズ,DB,,,R,R,0
23125136,山本 祐大,,横浜DeNAベイスターズ,DB,,,R,R,0
51155151,東妻 純平,,横浜DeNAベイスターズ,DB,,,R,R,0
31735134,九鬼 隆平,,横浜DeNAベイスターズ,DB,,,R,R,0
91695157,林 琢真,,横浜DeNAベイスターズ,DB,,,R,L,0
13115153,牧 秀悟,,横浜DeNAベイスターズ,DB,,,R,R,0
41545152,小田 康一郎,,横浜DeNAベイスターズ,DB,,,R,L,0
33135151,森 敬斗,,横浜DeNAベイスターズ,DB,,,R,L,0
81585134,京田 陽太,,横浜DeNAベイスターズ,DB,,,R,L,0
41945131,筒香 嘉智,,横浜DeNAベイスターズ,DB,,,R,L,0
33135134,三森 大貴,,横浜DeNAベイスターズ,DB,,,R,L,0
41945132,柴田 竜拓,,横浜DeNAベイスターズ,DB,,,R,L,0
53155152,宮下 朝陽,,横浜DeNAベイスターズ,DB,,,R,R,0
21525150,加藤 響,,横浜DeNAベイスターズ,DB,,,R,R,0
91195159,石上 泰輝,,横浜DeNAベイスターズ,DB,,,R,L,0
91495152,成瀬 脩人,,横浜DeNAベイスターズ,DB,,,R,R,0
51455137,宮﨑 敏郎,,横浜DeNAベイスターズ,DB,,,R,R,0
13715132,Ｄ．ビシエド,Dayan Viciedo,横浜DeNAベイスターズ,DB,,,R,R,0
33535159,度会 隆輝,,横浜DeNAベイスターズ,DB,,,R,L,0
91995134,佐野 恵太,,横浜DeNAベイスターズ,DB,,,R,L,0
71575136,神里 和毅,,横浜DeNAベイスターズ,DB,,,R,L,0
41545138,勝又 温史,,横浜DeNAベイスターズ,DB,,,R,L,0
31335159,井上 絢登,,横浜DeNAベイスターズ,DB,,,R,L,0
51555155,梶原 昂希,,横浜DeNAベイスターズ,DB,,,R,L,0
51555151,蝦名 達夫,,横浜DeNAベイスターズ,DB,,,R,R,0
31935139,関根 大気,,横浜DeNAベイスターズ,DB,,,L,L,0
13715152,Ｃ．ヒュンメル,Cooper Hummel,横浜DeNAベイスターズ,DB,,,R,B,0
33235155,Ｈ．マルセリーノ,Hansel Marcelino,横浜DeNAベイスターズ,DB,,,R,R,0
73375157,矢澤 宏太,,北海道日本ハムファイターズ,F,,,L,L,0
41245138,生田目 翼,,北海道日本ハムファイターズ,F,,,R,R,0
41545132,加藤 貴之,,北海道日本ハムファイターズ,F,,,L,L,0
51755155,北山 亘基,,北海道日本ハムファイターズ,F,,,R,R,0
01205155,達 孝太,,北海道日本ハムファイターズ,F,,,R,R,0
51355153,伊藤 大海,,北海道日本ハムファイターズ,F,,,R,L,0
21825130,山﨑 福也,,北海道日本ハムファイターズ,F,,,L,L,0
91295134,玉井 大翔,,北海道日本ハムファイターズ,F,,,R,R,0
41345132,上原 健太,,北海道日本ハムファイターズ,F,,,L,L,0
61765139,杉浦 稔大,,北海道日本ハムファイターズ,F,,,R,R,0
51555157,金村 尚真,,北海道日本ハムファイターズ,F,,,R,R,0
41445116,宮西 尚生,,北海道日本ハムファイターズ,F,,,L,L,0
31235134,田中 正義,,北海道日本ハムファイターズ,F,,,R,R,0
61365152,大川 慈英,,北海道日本ハムファイターズ,F,,,R,L,0
81785151,河野 竜生,,北海道日本ハムファイターズ,F,,,L,L,0
61865159,細野 晴希,,北海道日本ハムファイターズ,F,,,L,L,0
81085150,柴田 獅子,,北海道日本ハムファイターズ,F,,,R,L,0
01805150,藤田 琉生,,北海道日本ハムファイターズ,F,,,L,L,0
51855134,堀 瑞輝,,北海道日本ハムファイターズ,F,,,L,L,0
51155150,浅利 太門,,北海道日本ハムファイターズ,F,,,R,R,0
93595150,古林 睿煬,,北海道日本ハムファイターズ,F,,,R,R,0
51055133,島本 浩也,,北海道日本ハムファイターズ,F,,,L,L,0
21025137,福谷 浩司,,北海道日本ハムファイターズ,F,,,R,R,0
81685155,福島 蓮,,北海道日本ハムファイターズ,F,,,R,R,0
61765155,畔柳 亨丞,,北海道日本ハムファイターズ,F,,,R,R,0
63365155,柳川 大晟,,北海道日本ハムファイターズ,F,,,R,R,0
21725138,齋藤 友貴哉,,北海道日本ハムファイターズ,F,,,R,L,0
01105134,池田 隆英,,北海道日本ハムファイターズ,F,,,R,R,0
51255150,清水 大暉,,北海道日本ハムファイターズ,F,,,R,R,0
13315150,山城 航太郎,,北海道日本ハムファイターズ,F,,,R,R,0
03105136,山本 拓実,,北海道日本ハムファイターズ,F,,,R,R,0
51155130,有原 航平,,北海道日本ハムファイターズ,F,,,R,R,0
83785159,孫 易磊,,北海道日本ハムファイターズ,F,,,R,L,0
21925151,郡司 裕也,,北海道日本ハムファイターズ,F,,,R,R,0
61965130,清水 優心,,北海道日本ハムファイターズ,F,,,R,R,0
11015159,進藤 勇也,,北海道日本ハムファイターズ,F,,,R,R,0
61665152,藤森 海斗,,北海道日本ハムファイターズ,F,,,R,L,0
13515157,吉田 賢吾,,北海道日本ハムファイターズ,F,,,R,R,0
51055138,田宮 裕涼,,北海道日本ハムファイターズ,F,,,R,L,0
11515151,梅林 優貴,,北海道日本ハムファイターズ,F,,,R,R,0
01505155,上川畑 大悟,,北海道日本ハムファイターズ,F,,,R,L,0
31435138,野村 佑希,,北海道日本ハムファイターズ,F,,,R,R,0
11215118,中島 卓也,,北海道日本ハムファイターズ,F,,,R,L,0
41545136,清宮 幸太郎,,北海道日本ハムファイターズ,F,,,R,L,0
01105155,有薗 直輝,,北海道日本ハムファイターズ,F,,,R,R,0
63165155,水野 達稀,,北海道日本ハムファイターズ,F,,,R,L,0
71975155,阪口 樂,,北海道日本ハムファイターズ,F,,,R,L,0
11515152,大塚 瑠晏,,北海道日本ハムファイターズ,F,,,R,L,0
51655152,半田 南十,,北海道日本ハムファイターズ,F,,,R,L,0
63165150,山縣 秀,,北海道日本ハムファイターズ,F,,,R,R,0
61865153,細川 凌平,,北海道日本ハムファイターズ,F,,,R,L,0
31435157,奈良間 大己,,北海道日本ハムファイターズ,F,,,R,R,0
53355159,明瀬 諒介,,北海道日本ハムファイターズ,F,,,R,R,0
21225133,西川 遥輝,,北海道日本ハムファイターズ,F,,,R,L,0
31135130,淺間 大基,,北海道日本ハムファイターズ,F,,,R,L,0
83185159,宮崎 一樹,,北海道日本ハムファイターズ,F,,,R,R,0
01305152,エドポロ ケイン,,北海道日本ハムファイターズ,F,,,R,R,0
11315153,五十幡 亮汰,,北海道日本ハムファイターズ,F,,,R,L,0
31835138,水谷 瞬,,北海道日本ハムファイターズ,F,,,R,R,0
21325153,今川 優馬,,北海道日本ハムファイターズ,F,,,R,R,0
11815138,万波 中正,,北海道日本ハムファイターズ,F,,,R,R,0
73075159,Ｆ．レイエス,Franmil Reyes,北海道日本ハムファイターズ,F,,,R,R,0
43745152,Ｓ．ラオ,Sauryn Lao,北海道日本ハムファイターズ,F,,,R,R,1
43945152,Ｒ．カストロ,Rodolfo Castro,北海道日本ハムファイターズ,F,,,R,R,1
73975136,Ａ．マルティネス,Ariel Martinez,北海道日本ハムファイターズ,F,,,R,R,0
83985152,Ｌ．リン,,北海道日本ハムファイターズ,F,,,,,1
01205138,中村 稔弥,,千葉ロッテマリーンズ,M,,,L,L,0
73175152,毛利 海大,,千葉ロッテマリーンズ,M,,,L,L,0
11515138,小島 和哉,,千葉ロッテマリーンズ,M,,,L,L,0
23125151,横山 陸人,,千葉ロッテマリーンズ,M,,,R,R,0
71275134,種市 篤暉,,千葉ロッテマリーンズ,M,,,R,R,0
61165152,石垣 元気,,千葉ロッテマリーンズ,M,,,R,B,0
21525116,唐川 侑己,,千葉ロッテマリーンズ,M,,,R,R,0
61165139,石川 柊太,,千葉ロッテマリーンズ,M,,,R,R,0
31135138,東妻 勇輔,,千葉ロッテマリーンズ,M,,,R,R,0
91595157,菊地 吏玖,,千葉ロッテマリーンズ,M,,,R,L,0
01205118,西野 勇士,,千葉ロッテマリーンズ,M,,,R,R,0
41645155,廣畑 敦也,,千葉ロッテマリーンズ,M,,,R,R,0
81385159,大谷 輝龍,,千葉ロッテマリーンズ,M,,,R,R,0
23325155,八木 彬,,千葉ロッテマリーンズ,M,,,R,R,0
31035157,高野 脩汰,,千葉ロッテマリーンズ,M,,,L,L,0
01005157,田中 晴也,,千葉ロッテマリーンズ,M,,,R,L,0
41745138,坂本 光士郎,,千葉ロッテマリーンズ,M,,,L,L,0
51555130,小野 郁,,千葉ロッテマリーンズ,M,,,R,R,0
21525152,奥村 頼人,,千葉ロッテマリーンズ,M,,,L,L,0
11315150,一條 力真,,千葉ロッテマリーンズ,M,,,R,L,0
01605152,冨士 隼斗,,千葉ロッテマリーンズ,M,,,R,R,0
71275153,鈴木 昭汰,,千葉ロッテマリーンズ,M,,,L,L,0
71675135,益田 直也,,千葉ロッテマリーンズ,M,,,R,R,0
71775159,木村 優人,,千葉ロッテマリーンズ,M,,,R,L,0
01905134,澤田 圭佑,,千葉ロッテマリーンズ,M,,,R,L,0
31635153,中森 俊介,,千葉ロッテマリーンズ,M,,,R,L,0
61765153,河村 説人,,千葉ロッテマリーンズ,M,,,R,R,0
91695159,早坂 響,,千葉ロッテマリーンズ,M,,,R,R,0
63165152,大聖,,千葉ロッテマリーンズ,M,,,R,L,0
41945150,坂井 遼,,千葉ロッテマリーンズ,M,,,R,R,0
81685150,廣池 康志郎,,千葉ロッテマリーンズ,M,,,R,L,0
73175157,宮﨑 颯,,千葉ロッテマリーンズ,M,,,L,L,0
83385157,吉川 悠斗,,千葉ロッテマリーンズ,M,,,L,L,0
53155155,松川 虎生,,千葉ロッテマリーンズ,M,,,R,R,0
41945137,田村 龍弘,,千葉ロッテマリーンズ,M,,,R,R,0
71075151,佐藤 都志也,,千葉ロッテマリーンズ,M,,,R,L,0
91395151,植田 将太,,千葉ロッテマリーンズ,M,,,R,R,0
51455159,寺地 隆成,,千葉ロッテマリーンズ,M,,,R,L,0
01505152,岡村 了樹,,千葉ロッテマリーンズ,M,,,R,R,0
21125155,池田 来翔,,千葉ロッテマリーンズ,M,,,R,R,0
71275157,友杉 篤輝,,千葉ロッテマリーンズ,M,,,R,R,0
81885136,安田 尚憲,,千葉ロッテマリーンズ,M,,,R,L,0
41645136,藤岡 裕大,,千葉ロッテマリーンズ,M,,,R,L,0
51455130,中村 奨吾,,千葉ロッテマリーンズ,M,,,R,R,0
71375159,上田 希由翔,,千葉ロッテマリーンズ,M,,,R,L,0
41145134,石垣 勝海,,千葉ロッテマリーンズ,M,,,R,R,0
81885150,宮崎 竜成,,千葉ロッテマリーンズ,M,,,R,L,0
71475150,立松 由宇,,千葉ロッテマリーンズ,M,,,R,L,0
01905152,櫻井 ユウヤ,,千葉ロッテマリーンズ,M,,,R,R,0
11715153,小川 龍成,,千葉ロッテマリーンズ,M,,,R,L,0
71275132,茶谷 健太,,千葉ロッテマリーンズ,M,,,R,R,0
11215151,髙部 瑛斗,,千葉ロッテマリーンズ,M,,,R,L,0
31635138,藤原 恭大,,千葉ロッテマリーンズ,M,,,L,L,0
41545114,角中 勝也,,千葉ロッテマリーンズ,M,,,R,L,0
21625150,西川 史礁,,千葉ロッテマリーンズ,M,,,R,R,0
01105135,石川 慎吾,,千葉ロッテマリーンズ,M,,,R,R,0
11515139,岡 大海,,千葉ロッテマリーンズ,M,,,R,R,0
31535132,愛斗,,千葉ロッテマリーンズ,M,,,R,R,0
91895138,山口 航輝,,千葉ロッテマリーンズ,M,,,R,R,0
33535153,山本 大斗,,千葉ロッテマリーンズ,M,,,R,R,0
33335136,和田 康士朗,,千葉ロッテマリーンズ,M,,,L,L,0
03305152,Ｊ．カスティーヨ,Jose Castillo,千葉ロッテマリーンズ,M,,,L,L,1
03905152,Ｓ．ロング,Sam Long,千葉ロッテマリーンズ,M,,,L,L,1
03505136,Ｎ．ソト,Neftali Soto,千葉ロッテマリーンズ,M,,,R,R,0
63065155,Ｇ．ポランコ,Gregory Polanco,千葉ロッテマリーンズ,M,,,L,L,0
43745159,Ａ．ジャクソン,Andre Jackson,千葉ロッテマリーンズ,M,,,R,R,1
41345159,大内 誠弥,,東北楽天ゴールデンイーグルス,E,大内誠弥,67,R,R,0
51555153,内 星龍,,東北楽天ゴールデンイーグルス,E,内星龍,69,R,L,0
11815132,堀内 謙伍,,東北楽天ゴールデンイーグルス,E,堀内謙伍,65,R,L,0
91095151,佐藤 直樹,,東北楽天ゴールデンイーグルス,E,外野手,,R,R,0
91795114,岸 孝之,,東北楽天ゴールデンイーグルス,E,,,R,R,0
81685152,藤原 聡大,,東北楽天ゴールデンイーグルス,E,,,R,R,0
53555152,Ｒ．コントレラス,Roansy Contreras,東北楽天ゴールデンイーグルス,E,,,R,R,0
21725159,古謝 樹,,東北楽天ゴールデンイーグルス,E,,,L,L,0
51655114,前田 健太,,東北楽天ゴールデンイーグルス,E,,,R,R,0
21925157,荘司 康誠,,東北楽天ゴールデンイーグルス,E,,,R,R,0
31335152,伊藤 樹,,東北楽天ゴールデンイーグルス,E,,,R,R,0
31835153,早川 隆久,,東北楽天ゴールデンイーグルス,E,,,L,L,0
31635150,中込 陽翔,,東北楽天ゴールデンイーグルス,E,,,R,R,0
61765134,酒居 知史,,東北楽天ゴールデンイーグルス,E,,,R,R,0
23525157,渡辺 翔太,,東北楽天ゴールデンイーグルス,E,,,R,R,0
11515150,江原 雅裕,,東北楽天ゴールデンイーグルス,E,,,R,R,0
21525139,加治屋 蓮,,東北楽天ゴールデンイーグルス,E,,,R,R,0
73575132,宋 家豪,,東北楽天ゴールデンイーグルス,E,,,R,L,0
71775152,九谷 瑠,,東北楽天ゴールデンイーグルス,E,,,R,L,0
61665134,藤平 尚真,,東北楽天ゴールデンイーグルス,E,,,R,R,0
71875153,藤井 聖,,東北楽天ゴールデンイーグルス,E,,,L,L,0
61465155,西垣 雅矢,,東北楽天ゴールデンイーグルス,E,,,R,L,0
11415151,津留﨑 大成,,東北楽天ゴールデンイーグルス,E,,,R,R,0
11915159,坂井 陽翔,,東北楽天ゴールデンイーグルス,E,,,R,R,0
01605159,日當 直喜,,東北楽天ゴールデンイーグルス,E,,,R,R,0
01905138,鈴木 翔天,,東北楽天ゴールデンイーグルス,E,,,L,L,0
31235151,瀧中 瞭太,,東北楽天ゴールデンイーグルス,E,,,R,R,0
01505118,辛島 航,,東北楽天ゴールデンイーグルス,E,,,L,L,0
61065155,泰 勝利,,東北楽天ゴールデンイーグルス,E,,,L,R,0
31735157,古賀 康誠,,東北楽天ゴールデンイーグルス,E,,,L,L,0
41445134,西口 直人,,東北楽天ゴールデンイーグルス,E,,,R,R,0
01605157,林 優樹,,東北楽天ゴールデンイーグルス,E,,,L,L,0
21725139,今野 龍太,,東北楽天ゴールデンイーグルス,E,,,R,R,0
81985155,柴田 大地,,東北楽天ゴールデンイーグルス,E,,,R,R,0
11315152,伊藤 大晟,,東北楽天ゴールデンイーグルス,E,,,L,L,0
71375138,太田 光,,東北楽天ゴールデンイーグルス,E,,,R,R,0
81185116,伊藤 光,,東北楽天ゴールデンイーグルス,E,,,R,R,0
31235130,田中 貴也,,東北楽天ゴールデンイーグルス,E,,,R,L,0
43345155,YG安田,,東北楽天ゴールデンイーグルス,E,,,R,L,0
61165134,石原 彪,,東北楽天ゴールデンイーグルス,E,,,R,R,0
81385152,大栄 利哉,,東北楽天ゴールデンイーグルス,E,,,R,L,0
61965151,小深田 大翔,,東北楽天ゴールデンイーグルス,E,,,R,L,0
53155150,宗山 塁,,東北楽天ゴールデンイーグルス,E,,,R,L,0
51155118,浅村 栄斗,,東北楽天ゴールデンイーグルス,E,,,R,R,0
41845132,村林 一輝,,東北楽天ゴールデンイーグルス,E,,,R,R,0
81985135,鈴木 大地,,東北楽天ゴールデンイーグルス,E,,,R,L,0
03005150,Ｌ．ボイト,Luke Voit,東北楽天ゴールデンイーグルス,E,,,R,R,0
01905151,黒川 史陽,,東北楽天ゴールデンイーグルス,E,,,R,L,0
61965152,繁永 晟,,東北楽天ゴールデンイーグルス,E,,,R,R,0
73175138,渡邊 佳明,,東北楽天ゴールデンイーグルス,E,,,R,L,0
41145138,伊藤 裕季也,,東北楽天ゴールデンイーグルス,E,,,R,R,0
11015157,平良 竜哉,,東北楽天ゴールデンイーグルス,E,,,R,R,0
13515159,ワォーターズ,,東北楽天ゴールデンイーグルス,E,,,R,R,0
41345153,入江 大樹,,東北楽天ゴールデンイーグルス,E,,,R,R,0
31135159,青野 拓海,,東北楽天ゴールデンイーグルス,E,,,R,R,0
51955155,小森 航大郎,,東北楽天ゴールデンイーグルス,E,,,R,R,0
53355150,陽 柏翔,,東北楽天ゴールデンイーグルス,E,,,R,L,0
11015138,辰己 涼介,,東北楽天ゴールデンイーグルス,E,,,R,L,0
93095150,Ｏ．ゴンザレス,Oscar Gonzalez,東北楽天ゴールデンイーグルス,E,,,R,R,0
11215134,田中 和基,,東北楽天ゴールデンイーグルス,E,,,R,B,0
21425159,中島 大輔,,東北楽天ゴールデンイーグルス,E,,,R,L,0
73775152,Ｃ．マッカスカー,Carson Mccusker,東北楽天ゴールデンイーグルス,E,,,R,R,0
03305150,吉納 翼,,東北楽天ゴールデンイーグルス,E,,,R,L,0
71975152,阪上 翔也,,東北楽天ゴールデンイーグルス,E,,,R,L,0
01805151,武藤 敦貴,,東北楽天ゴールデンイーグルス,E,,,L,L,0
81385138,小郷 裕哉,,東北楽天ゴールデンイーグルス,E,,,R,L,0
43545155,吉野 創士,,東北楽天ゴールデンイーグルス,E,,,R,R,0
73375152,Ｊ．ウレーニャ,Jose Urena,東北楽天ゴールデンイーグルス,E,,,R,R,1
51255159,武内 夏暉,,埼玉西武ライオンズ,L,武内夏暉,21,L,L,0
41245130,外崎 修汰,,埼玉西武ライオンズ,L,外崎修汰,5,R,R,0
61065157,茶野 篤政,,埼玉西武ライオンズ,L,外野手,,R,L,0
01605132,平沼 翔太,,埼玉西武ライオンズ,L,,,R,L,0
91395159,上田 大河,,埼玉西武ライオンズ,L,,,R,R,0
53155138,渡邉 勇太朗,,埼玉西武ライオンズ,L,,,R,R,0
63165136,與座 海人,,埼玉西武ライオンズ,L,,,R,R,0
21025155,隅田 知一郎,,埼玉西武ライオンズ,L,,,L,L,0
81685138,松本 航,,埼玉西武ライオンズ,L,,,R,R,0
41945155,佐藤 隼輔,,埼玉西武ライオンズ,L,,,L,L,0
91395152,岩城 颯空,,埼玉西武ライオンズ,L,,,L,L,0
11315159,糸川 亮太,,埼玉西武ライオンズ,L,,,R,R,0
51155157,青山 美夏人,,埼玉西武ライオンズ,L,,,R,R,0
23925152,Ａ．ワイナンス,Allan Winans,埼玉西武ライオンズ,L,,,R,R,0
51555138,甲斐野 央,,埼玉西武ライオンズ,L,,,R,L,0
43345157,山田 陽翔,,埼玉西武ライオンズ,L,,,R,R,0
31835152,堀越 啓太,,埼玉西武ライオンズ,L,,,R,R,0
81485159,成田 晴風,,埼玉西武ライオンズ,L,,,R,R,0
43045155,ボー・タカハシ,Bo Takahashi,埼玉西武ライオンズ,L,,,R,R,0
51655155,羽田 慎之介,,埼玉西武ライオンズ,L,,,L,L,0
53555150,Ｔ．ウィンゲンター,Trey Wingenter,埼玉西武ライオンズ,L,,,R,R,0
81585150,狩生 聖真,,埼玉西武ライオンズ,L,,,R,R,0
91095159,杉山 遙希,,埼玉西武ライオンズ,L,,,L,L,0
61065150,篠原 響,,埼玉西武ライオンズ,L,,,R,R,0
51755134,黒木 優太,,埼玉西武ライオンズ,L,,,R,L,0
73975150,Ｅ．ラミレス,Emmanuel Ramirez,埼玉西武ライオンズ,L,,,R,R,0
21725155,黒田 将矢,,埼玉西武ライオンズ,L,,,R,R,0
71075139,中村 祐太,,埼玉西武ライオンズ,L,,,R,R,0
31035136,平良 海馬,,埼玉西武ライオンズ,L,,,R,L,0
23125153,豆田 泰志,,埼玉西武ライオンズ,L,,,R,R,0
71075155,菅井 信也,,埼玉西武ライオンズ,L,,,L,L,0
61465151,浜屋 将太,,埼玉西武ライオンズ,L,,,L,L,0
41745152,小島 大河,,埼玉西武ライオンズ,L,,,R,L,0
81785155,古賀 悠斗,,埼玉西武ライオンズ,L,,,R,R,0
91995112,炭谷 銀仁朗,,埼玉西武ライオンズ,L,,,R,R,0
61265151,柘植 世那,,埼玉西武ライオンズ,L,,,R,R,0
71675138,牧野 翔矢,,埼玉西武ライオンズ,L,,,R,L,0
51455150,龍山 暖,,埼玉西武ライオンズ,L,,,R,R,0
91495155,仲田 慶介,,埼玉西武ライオンズ,L,,,R,B,0
51755157,児玉 亮涼,,埼玉西武ライオンズ,L,,,R,R,0
21925150,齋藤 大翔,,埼玉西武ライオンズ,L,,,R,R,0
21125134,石井 一成,,埼玉西武ライオンズ,L,,,R,L,0
71775134,源田 壮亮,,埼玉西武ライオンズ,L,,,R,L,0
53755150,Ｔ．ネビン,Tyler Nevin,埼玉西武ライオンズ,L,,,R,R,0
83385153,山村 崇嘉,,埼玉西武ライオンズ,L,,,R,L,0
51055150,佐藤 太陽,,埼玉西武ライオンズ,L,,,R,L,0
91695132,平沢 大河,,埼玉西武ライオンズ,L,,,R,L,0
21025136,髙松 渡,,埼玉西武ライオンズ,L,,,R,L,0
83185152,横田 蒼和,,埼玉西武ライオンズ,L,,,R,L,0
81085115,中村 剛也,,埼玉西武ライオンズ,L,,,R,R,0
51255155,滝澤 夏央,,埼玉西武ライオンズ,L,,,R,L,0
93395159,村田 怜音,,埼玉西武ライオンズ,L,,,R,R,0
51755115,栗山 巧,,埼玉西武ライオンズ,L,,,R,L,0
51755135,桑原 将志,,埼玉西武ライオンズ,L,,,R,R,0
83385150,渡部 聖弥,,埼玉西武ライオンズ,L,,,R,R,0
61665157,蛭間 拓哉,,埼玉西武ライオンズ,L,,,L,L,0
23325152,Ａ．カナリオ,Alexander Canario,埼玉西武ライオンズ,L,,,R,R,0
51855157,古川 雄大,,埼玉西武ライオンズ,L,,,R,R,0
51155152,秋山 俊,,埼玉西武ライオンズ,L,,,R,L,0
43345150,林 冠臣,,埼玉西武ライオンズ,L,,,R,R,0
51455136,西川 愛也,,埼玉西武ライオンズ,L,,,R,L,0
61465153,仲三 優太,,埼玉西武ライオンズ,L,,,R,L,0
81685153,長谷川 信哉,,埼玉西武ライオンズ,L,,,R,R,0
31735152,川田 悠慎,,埼玉西武ライオンズ,L,,,R,L,0
51955151,岸 潤一郎,,埼玉西武ライオンズ,L,,,R,R,0
33935152,林 安可,,埼玉西武ライオンズ,L,,,L,L,0
71075130,髙橋 光成,,埼玉西武ライオンズ,L,,,R,R,0
91295157,内藤 鵬,,オリックス・バファローズ,Bs,内藤鵬,25,R,R,0
43545159,Ａ．エスピノーザ,Anderson Espinoza,オリックス・バファローズ,Bs,,,R,R,0
43345153,山下 舜平大,,オリックス・バファローズ,Bs,,,R,R,0
71175136,東 晃平,,オリックス・バファローズ,Bs,,,R,R,0
61465150,寺西 成騎,,オリックス・バファローズ,Bs,,,R,R,0
33335155,椋木 蓮,,オリックス・バファローズ,Bs,,,R,R,0
81285112,平野 佳寿,,オリックス・バファローズ,Bs,,,R,R,0
81985157,曽谷 龍平,,オリックス・バファローズ,Bs,,,L,L,0
71875151,宮城 大弥,,オリックス・バファローズ,Bs,,,L,L,0
83185134,山岡 泰輔,,オリックス・バファローズ,Bs,,,R,L,0
01105153,阿部 翔太,,オリックス・バファローズ,Bs,,,R,L,0
33335134,山﨑 颯一郎,,オリックス・バファローズ,Bs,,,R,R,0
71775139,九里 亜蓮,,オリックス・バファローズ,Bs,,,R,R,0
13115138,吉田 輝星,,オリックス・バファローズ,Bs,,,R,R,0
41745157,齋藤 響介,,オリックス・バファローズ,Bs,,,R,R,0
61065138,富山 凌雅,,オリックス・バファローズ,Bs,,,L,L,0
41045136,田嶋 大樹,,オリックス・バファローズ,Bs,,,L,L,0
41645152,藤川 敦也,,オリックス・バファローズ,Bs,,,R,R,0
41745159,古田島 成龍,,オリックス・バファローズ,Bs,,,R,R,0
93195152,森 陽樹,,オリックス・バファローズ,Bs,,,R,L,0
31335116,岩嵜 翔,,オリックス・バファローズ,Bs,,,R,R,0
41945152,佐藤 龍月,,オリックス・バファローズ,Bs,,,L,L,0
43945159,Ａ．マチャド,Andres Machado,オリックス・バファローズ,Bs,,,R,R,0
51255152,髙谷 舟,,オリックス・バファローズ,Bs,,,R,R,0
83185150,山口 廉王,,オリックス・バファローズ,Bs,,,R,R,0
71475159,東松 快征,,オリックス・バファローズ,Bs,,,L,L,0
01505150,片山 楽生,,オリックス・バファローズ,Bs,,,R,L,0
03505155,横山 楓,,オリックス・バファローズ,Bs,,,R,B,0
61465131,山田 修義,,オリックス・バファローズ,Bs,,,L,L,0
13215157,Ｌ．ペルドモ,Luis Perdomo,オリックス・バファローズ,Bs,,,R,R,0
61965136,博志,,オリックス・バファローズ,Bs,,,R,R,0
31335157,入山 海斗,,オリックス・バファローズ,Bs,,,R,R,0
03505152,Ｓ．ジェリー,Sean Hjelle,オリックス・バファローズ,Bs,,,R,R,0
51055151,佐藤 一磨,,オリックス・バファローズ,Bs,,,L,L,0
41745153,川瀬 堅斗,,オリックス・バファローズ,Bs,,,R,R,0
21725157,才木 海翔,,オリックス・バファローズ,Bs,,,R,R,0
61065159,髙島 泰都,,オリックス・バファローズ,Bs,,,R,R,0
61765159,権田 琉成,,オリックス・バファローズ,Bs,,,R,R,0
41645139,若月 健矢,,オリックス・バファローズ,Bs,,,R,R,0
91495139,森 友哉,,オリックス・バファローズ,Bs,,,R,L,0
11815155,福永 奨,,オリックス・バファローズ,Bs,,,R,R,0
81185139,石川 亮,,オリックス・バファローズ,Bs,,,R,R,0
81085138,頓宮 裕真,,オリックス・バファローズ,Bs,,,R,R,0
33335150,山中 稜真,,オリックス・バファローズ,Bs,,,R,L,0
21425152,野上 士耀,,オリックス・バファローズ,Bs,,,R,R,0
81885159,堀 柊那,,オリックス・バファローズ,Bs,,,R,R,0
91395138,太田 椋,,オリックス・バファローズ,Bs,,,R,R,0
91495130,西野 真弘,,オリックス・バファローズ,Bs,,,R,L,0
11815130,宗 佑磨,,オリックス・バファローズ,Bs,,,R,L,0
81485155,野口 智哉,,オリックス・バファローズ,Bs,,,R,L,0
11515132,大城 滉二,,オリックス・バファローズ,Bs,,,R,R,0
91995151,紅林 弘太郎,,オリックス・バファローズ,Bs,,,R,R,0
21625132,廣岡 大志,,オリックス・バファローズ,Bs,,,R,R,0
83385159,横山 聖哉,,オリックス・バファローズ,Bs,,,R,L,0
93595152,Ｂ．シーモア,Bob Seymour,オリックス・バファローズ,Bs,,,R,L,0
51255138,中川 圭太,,オリックス・バファローズ,Bs,,,R,R,0
63565155,渡部 遼人,,オリックス・バファローズ,Bs,,,L,L,0
71475132,西川 龍馬,,オリックス・バファローズ,Bs,,,R,L,0
33135150,麦谷 祐介,,オリックス・バファローズ,Bs,,,R,L,0
61965157,杉澤 龍,,オリックス・バファローズ,Bs,,,R,L,0
51955153,来田 涼斗,,オリックス・バファローズ,Bs,,,R,L,0
41145155,池田 陵真,,オリックス・バファローズ,Bs,,,R,R,0
01705152,窪田 洋祐,,オリックス・バファローズ,Bs,,,R,R,0
61965132,杉本 裕太郎,,オリックス・バファローズ,Bs,,,R,R,0
53755138,Ｃ．スチュワート・ジュニア,,福岡ソフトバンクホークス,Hs,,,R,R,0
51355135,上沢 直之,,福岡ソフトバンクホークス,Hs,,,R,R,0
81285151,津森 宥紀,,福岡ソフトバンクホークス,Hs,,,R,R,0
51355152,稲川 竜汰,,福岡ソフトバンクホークス,Hs,,,R,R,0
01005137,東浜 巨,,福岡ソフトバンクホークス,Hs,,,R,R,0
23525152,徐 若熙,,福岡ソフトバンクホークス,Hs,,,R,R,0
01305157,大津 亮介,,福岡ソフトバンクホークス,Hs,,,R,L,0
73175150,村上 泰斗,,福岡ソフトバンクホークス,Hs,,,R,B,0
21025152,鈴木 豪太,,福岡ソフトバンクホークス,Hs,,,R,R,0
51355159,岩井 俊介,,福岡ソフトバンクホークス,Hs,,,R,R,0
01105150,安德 駿,,福岡ソフトバンクホークス,Hs,,,R,R,0
71375134,大江 竜聖,,福岡ソフトバンクホークス,Hs,,,L,L,0
63965134,Ｌ．モイネロ,Livan Moinelo,福岡ソフトバンクホークス,Hs,,,L,L,0
61365136,尾形 崇斗,,福岡ソフトバンクホークス,Hs,,,R,L,0
91995138,杉山 一樹,,福岡ソフトバンクホークス,Hs,,,R,R,0
13115159,前田 悠伍,,福岡ソフトバンクホークス,Hs,,,L,L,0
91395153,伊藤 優輔,,福岡ソフトバンクホークス,Hs,,,R,R,0
01505151,大関 友久,,福岡ソフトバンクホークス,Hs,,,L,L,0
51655130,藤井 皓哉,,福岡ソフトバンクホークス,Hs,,,R,L,0
41845157,松本 晴,,福岡ソフトバンクホークス,Hs,,,L,L,0
91995152,相良 雅斗,,福岡ソフトバンクホークス,Hs,,,R,R,0
71875157,前田 純,,福岡ソフトバンクホークス,Hs,,,L,L,0
11515159,大山 凌,,福岡ソフトバンクホークス,Hs,,,R,R,0
13415155,Ｒ．オスナ,Roberto Osuna,福岡ソフトバンクホークス,Hs,,,R,R,0
71775155,木村 大成,,福岡ソフトバンクホークス,Hs,,,L,L,0
21325157,大野 稼頭央,,福岡ソフトバンクホークス,Hs,,,L,L,0
33435157,Ｄ．ヘルナンデス,Darwinzon Hernandez,福岡ソフトバンクホークス,Hs,,,L,L,0
81585138,上茶谷 大河,,福岡ソフトバンクホークス,Hs,,,R,R,0
61665130,松本 裕樹,,福岡ソフトバンクホークス,Hs,,,R,L,0
41545157,木村 光,,福岡ソフトバンクホークス,Hs,,,R,L,0
21325150,岩崎 峻典,,福岡ソフトバンクホークス,Hs,,,R,R,0
93195138,渡邉 陸,,福岡ソフトバンクホークス,Hs,,,R,L,0
71475139,嶺井 博希,,福岡ソフトバンクホークス,Hs,,,R,R,0
11215132,谷川原 健太,,福岡ソフトバンクホークス,Hs,,,R,L,0
01105151,石塚 綜一郎,,福岡ソフトバンクホークス,Hs,,,R,R,0
81385151,海野 隆司,,福岡ソフトバンクホークス,Hs,,,R,R,0
91895159,藤田 悠太郎,,福岡ソフトバンクホークス,Hs,,,R,R,0
11715132,川瀬 晃,,福岡ソフトバンクホークス,Hs,,,R,L,0
43245159,Ｊ．ダウンズ,Jeter Downs,福岡ソフトバンクホークス,Hs,,,R,R,0
21425139,山川 穂高,,福岡ソフトバンクホークス,Hs,,,R,R,0
31335131,今宮 健太,,福岡ソフトバンクホークス,Hs,,,R,R,0
11215116,中村 晃,,福岡ソフトバンクホークス,Hs,,,L,L,0
61465133,牧原 大成,,福岡ソフトバンクホークス,Hs,,,R,L,0
01705130,栗原 陵矢,,福岡ソフトバンクホークス,Hs,,,R,L,0
01205150,庄子 雄大,,福岡ソフトバンクホークス,Hs,,,R,L,0
61665159,廣瀨 隆太,,福岡ソフトバンクホークス,Hs,,,R,R,0
11315157,イヒネ イツア,,福岡ソフトバンクホークス,Hs,,,R,L,0
01305153,井上 朋也,,福岡ソフトバンクホークス,Hs,,,R,R,0
61365150,宇野 真仁朗,,福岡ソフトバンクホークス,Hs,,,R,R,0
71175153,秋広 優人,,福岡ソフトバンクホークス,Hs,,,R,L,0
31235152,髙橋 隆慶,,福岡ソフトバンクホークス,Hs,,,R,R,0
81185150,石見 颯真,,福岡ソフトバンクホークス,Hs,,,R,L,0
11615155,野村 勇,,福岡ソフトバンクホークス,Hs,,,R,R,0
41745135,近藤 健介,,福岡ソフトバンクホークス,Hs,,,R,L,0
31835133,柳田 悠岐,,福岡ソフトバンクホークス,Hs,,,R,L,0
21925136,周東 佑京,,福岡ソフトバンクホークス,Hs,,,R,L,0
81885155,正木 智也,,福岡ソフトバンクホークス,Hs,,,R,R,0
73175151,柳町 達,,福岡ソフトバンクホークス,Hs,,,R,L,0
91095153,笹川 吉康,,福岡ソフトバンクホークス,Hs,,,L,L,0
81585153,緒方 理貢,,福岡ソフトバンクホークス,Hs,,,R,L,0
11715155,川村 友斗,,福岡ソフトバンクホークス,Hs,,,R,L,0
93595155,山本 恵大,,福岡ソフトバンクホークス,Hs,,,R,L,0
