game_id,inning,top_bottom,bat_order,batter_id,pitcher_id,base_state,result_raw,ab,h,h2,h3,hr,bb,hbp,so,sh,sf,gidp,rbi,r,ibb,sb,cs,is_pa,outs,base_state_code,risp,pitch_type,course,date,stadium,day_night,home_team,away_team,batting_team,opponent_team,is_home
2021040033,1,表,1,1100061,2050307,無死走者なし,外角高めの球を打つもライトフライ 1アウト,1,0,0,0,0,0,0,0,0,0,0,0,0,0,0,0,1,0,000,0,,外角高め,2026-03-04,エスコンF,ナイター,北海道日本ハムファイターズ,埼玉西武ライオンズ,埼玉西武ライオンズ,北海道日本ハムファイターズ,0
2021040033,1,表,2,1600134,2050307,一死走者なし,セカンドフライ 2アウト,1,0,0,0,0,0,0,0,0,0,0,0,0,0,0,0,1,1,000,0,,,2026-03-04,エスコンF,ナイター,北海道日本ハムファイターズ,埼玉西武ライオンズ,埼玉西武ライオンズ,北海道日本ハムファイターズ,0
2021040033,1,表,3,1700122,2050307,二死走者なし,レフトへのヒットで出塁 一塁,1,1,0,0,0,0,0,0,0,0,0,0,0,0,0,0,1,2,000,0,,,2026-03-04,エスコンF,ナイター,北海道日本ハムファイターズ,埼玉西武ライオンズ,埼玉西武ライオンズ,北海道日本ハムファイターズ,0
2021040033,1,表,4,1950417,2050307,二死一塁,高めのスライダーを打つもセンターフライ 3アウト,1,0,0,0,0,0,0,0,0,0,0,0,0,0,0,0,1,2,100,0,スライダー,高め,2026-03-04,エスコンF,ナイター,北海道日本ハムファイターズ,埼玉西武ライオンズ,埼玉西武ライオンズ,北海道日本ハムファイターズ,0
2021040033,1,裏,1,900069,1800081,無死走者なし,7球粘った末に見逃し三振 1アウト,1,0,0,0,0,0,0,1,0,0,0,0,0,0,0,0,1,0,000,0,,,2026-03-04,エスコンF,ナイター,北海道日本ハムファイターズ,埼玉西武ライオンズ,北海道日本ハムファイターズ,埼玉西武ライオンズ,1
2021040033,1,裏,2,2000084,1800081,一死走者なし,高めのスライダーを打つもセンターフライ 2アウト,1,0,0,0,0,0,0,0,0,0,0,0,0,0,0,0,1,1,000,0,スライダー,高め,2026-03-04,エスコンF,ナイター,北海道日本ハムファイターズ,埼玉西武ライオンズ,北海道日本ハムファイターズ,埼玉西武ライオンズ,1
2021040033,1,裏,3,1850932,1800081,二死走者なし,セカンドゴロ 3アウト,1,0,0,0,0,0,0,0,0,0,0,0,0,0,0,0,1,2,000,0,,,2026-03-04,エスコンF,ナイター,北海道日本ハムファイターズ,埼玉西武ライオンズ,北海道日本ハムファイターズ,埼玉西武ライオンズ,1
2021040033,2,表,1,2000073,2050307,無死走者なし,ライトへのヒット 一塁,1,1,0,0,0,0,0,0,0,0,0,0,0,0,0,0,1,0,000,0,,,2026-03-04,エスコンF,ナイター,北海道日本ハムファイターズ,埼玉西武ライオンズ,埼玉西武ライオンズ,北海道日本ハムファイターズ,0
2021040033,2,表,2,2117028,2050307,無死一塁,一塁走者,0,0,0,0,0,0,0,0,0,0,0,0,0,0,0,0,0,0,100,0,,,2026-03-04,エスコンF,ナイター,北海道日本ハムファイターズ,埼玉西武ライオンズ,埼玉西武ライオンズ,北海道日本ハムファイターズ,0
2021040033,2,表,3,2000069,2050307,二死走者なし,ショートゴロ 3アウト,1,0,0,0,0,0,0,0,0,0,0,0,0,0,0,0,1,2,000,0,,,2026-03-04,エスコンF,ナイター,北海道日本ハムファイターズ,埼玉西武ライオンズ,埼玉西武ライオンズ,北海道日本ハムファイターズ,0
2021040033,2,裏,1,2108090,1800081,無死走者なし,低めのカーブを打つもレフトフライ 1アウト,1,0,0,0,0,0,0,0,0,0,0,0,0,0,0,0,1,0,000,0,カーブ,低め,2026-03-04,エスコンF,ナイター,北海道日本ハムファイターズ,埼玉西武ライオンズ,北海道日本ハムファイターズ,埼玉西武ライオンズ,1
2021040033,2,裏,2,1800093,1800081,一死走者なし,空振り三振でバッターアウト 2アウト,1,0,0,0,0,0,0,1,0,0,0,0,0,0,0,0,1,1,000,0,,,2026-03-04,エスコンF,ナイター,北海道日本ハムファイターズ,埼玉西武ライオンズ,北海道日本ハムファイターズ,埼玉西武ライオンズ,1
2021040033,2,裏,3,1000100,1800081,二死走者なし,空振り三振でバッターアウト 3アウト,1,0,0,0,0,0,0,1,0,0,0,0,0,0,0,0,1,2,000,0,,,2026-03-04,エスコンF,ナイター,北海道日本ハムファイターズ,埼玉西武ライオンズ,北海道日本ハムファイターズ,埼玉西武ライオンズ,1
2021040033,3,表,1,1750472,2050307,無死走者なし,セカンドゴロ 1アウト,1,0,0,0,0,0,0,0,0,0,0,0,0,0,0,0,1,0,000,0,,,2026-03-04,エスコンF,ナイター,北海道日本ハムファイターズ,埼玉西武ライオンズ,埼玉西武ライオンズ,北海道日本ハムファイターズ,0
2021040033,3,表,2,2103618,2050307,一死走者なし,デッドボールを受ける 一塁,0,0,0,0,0,0,1,0,0,0,0,0,0,0,0,0,1,1,000,0,,,2026-03-04,エスコンF,ナイター,北海道日本ハムファイターズ,埼玉西武ライオンズ,埼玉西武ライオンズ,北海道日本ハムファイターズ,0
2021040033,3,表,3,1100061,2050307,一死一塁,サードゴロ 2アウト一塁,1,0,0,0,0,0,0,0,0,0,0,0,0,0,0,0,1,1,100,0,,,2026-03-04,エスコンF,ナイター,北海道日本ハムファイターズ,埼玉西武ライオンズ,埼玉西武ライオンズ,北海道日本ハムファイターズ,0
2021040033,3,表,4,1600134,2050307,二死一塁,ライトへのヒットを放つ 一二塁,1,1,0,0,0,0,0,0,0,0,0,0,0,0,0,0,1,2,100,0,,,2026-03-04,エスコンF,ナイター,北海道日本ハムファイターズ,埼玉西武ライオンズ,埼玉西武ライオンズ,北海道日本ハムファイターズ,0
2021040033,3,表,5,1700122,2050307,二死一二塁,外角のチェンジアップを引っかけてファーストゴロ 3アウト,1,0,0,0,0,0,0,0,0,0,0,0,0,0,0,0,1,2,110,1,チェンジアップ,外角,2026-03-04,エスコンF,ナイター,北海道日本ハムファイターズ,埼玉西武ライオンズ,埼玉西武ライオンズ,北海道日本ハムファイターズ,0
2021040033,3,裏,1,1800091,1800081,無死走者なし,ライトへのヒットを放つ 一塁,1,1,0,0,0,0,0,0,0,0,0,0,0,0,0,0,1,0,000,0,,,2026-03-04,エスコンF,ナイター,北海道日本ハムファイターズ,埼玉西武ライオンズ,北海道日本ハムファイターズ,埼玉西武ライオンズ,1
2021040033,3,裏,2,1800095,1800081,無死一塁,,0,0,0,0,0,0,0,0,0,0,0,0,0,0,0,0,0,0,100,0,,,2026-03-04,エスコンF,ナイター,北海道日本ハムファイターズ,埼玉西武ライオンズ,北海道日本ハムファイターズ,埼玉西武ライオンズ,1
2021040033,3,裏,3,1851204,1800081,無死一二塁,0アウト一二塁から3-6-3のダブルプレー 2アウト三塁,1,0,0,0,0,0,0,0,0,0,1,0,0,0,0,0,1,0,110,1,,,2026-03-04,エスコンF,ナイター,北海道日本ハムファイターズ,埼玉西武ライオンズ,北海道日本ハムファイターズ,埼玉西武ライオンズ,1
2021040033,3,裏,4,900069,1800081,二死三塁,フォアボールを選ぶ 一三塁,0,0,0,0,0,1,0,0,0,0,0,0,0,0,0,0,1,2,001,1,,,2026-03-04,エスコンF,ナイター,北海道日本ハムファイターズ,埼玉西武ライオンズ,北海道日本ハムファイターズ,埼玉西武ライオンズ,1
2021040033,3,裏,5,2000084,1800081,二死一三塁,一打先制の場面で空振り三振！決定機を逃す 3アウト,1,0,0,0,0,0,0,1,0,0,0,0,0,0,0,0,1,2,101,1,,,2026-03-04,エスコンF,ナイター,北海道日本ハムファイターズ,埼玉西武ライオンズ,北海道日本ハムファイターズ,埼玉西武ライオンズ,1
2021040033,4,表,1,1950417,2050307,無死走者なし,センターへの二塁打 二塁,1,1,1,0,0,0,0,0,0,0,0,0,0,0,0,0,1,0,000,0,,,2026-03-04,エスコンF,ナイター,北海道日本ハムファイターズ,埼玉西武ライオンズ,埼玉西武ライオンズ,北海道日本ハムファイターズ,0
2021040033,4,表,2,2000073,2050307,無死二塁,ファーストゴロ 1アウト三塁,1,0,0,0,0,0,0,0,0,0,0,0,0,0,0,0,1,0,010,1,,,2026-03-04,エスコンF,ナイター,北海道日本ハムファイターズ,埼玉西武ライオンズ,埼玉西武ライオンズ,北海道日本ハムファイターズ,0
2021040033,4,表,3,2117028,2050307,一死三塁,サードフライ 2アウト,1,0,0,0,0,0,0,0,0,0,0,0,0,0,0,0,1,1,001,1,,,2026-03-04,エスコンF,ナイター,北海道日本ハムファイターズ,埼玉西武ライオンズ,埼玉西武ライオンズ,北海道日本ハムファイターズ,0
2021040033,4,表,4,2000069,2050307,二死三塁,フォアボールを選ぶ 一三塁,0,0,0,0,0,1,0,0,0,0,0,0,0,0,0,0,1,2,001,1,,,2026-03-04,エスコンF,ナイター,北海道日本ハムファイターズ,埼玉西武ライオンズ,埼玉西武ライオンズ,北海道日本ハムファイターズ,0
2021040033,4,表,5,1750472,2050307,二死一三塁,一塁けん制:ランナー,0,0,0,0,0,0,0,0,0,0,0,0,0,0,0,0,0,2,101,1,,,2026-03-04,エスコンF,ナイター,北海道日本ハムファイターズ,埼玉西武ライオンズ,埼玉西武ライオンズ,北海道日本ハムファイターズ,0
2021040033,4,裏,1,1850932,1400182,無死走者なし,サードゴロ 1アウト,1,0,0,0,0,0,0,0,0,0,0,0,0,0,0,0,1,0,000,0,,,2026-03-04,エスコンF,ナイター,北海道日本ハムファイターズ,埼玉西武ライオンズ,北海道日本ハムファイターズ,埼玉西武ライオンズ,1
2021040033,4,裏,2,2108090,1400182,一死走者なし,フォアボールを選ぶ 一塁,0,0,0,0,0,1,0,0,0,0,0,0,0,0,0,0,1,1,000,0,,,2026-03-04,エスコンF,ナイター,北海道日本ハムファイターズ,埼玉西武ライオンズ,北海道日本ハムファイターズ,埼玉西武ライオンズ,1
2021040033,4,裏,3,1800093,1400182,一死一塁,日本ハム・カストロの二塁盗塁アウトの判定を巡り、日本ハムがリクエスト,0,0,0,0,0,0,0,0,0,0,0,0,0,0,0,0,0,1,100,0,,,2026-03-04,エスコンF,ナイター,北海道日本ハムファイターズ,埼玉西武ライオンズ,北海道日本ハムファイターズ,埼玉西武ライオンズ,1
2021040033,4,裏,4,1000100,1400182,二死二塁,二塁けん制:ランナー,0,0,0,0,0,0,0,0,0,0,0,0,0,0,0,0,0,2,010,1,,,2026-03-04,エスコンF,ナイター,北海道日本ハムファイターズ,埼玉西武ライオンズ,北海道日本ハムファイターズ,埼玉西武ライオンズ,1
2021040033,5,表,1,2103618,2050307,無死走者なし,ライトへポテンヒットを放つ 一塁,1,1,0,0,0,0,0,0,0,0,0,0,0,0,0,0,1,0,000,0,,,2026-03-04,エスコンF,ナイター,北海道日本ハムファイターズ,埼玉西武ライオンズ,埼玉西武ライオンズ,北海道日本ハムファイターズ,0
2021040033,5,表,2,1100061,2050307,無死一塁,一塁けん制:ランナー,0,0,0,0,0,0,0,0,0,0,0,0,0,0,0,0,0,0,100,0,,,2026-03-04,エスコンF,ナイター,北海道日本ハムファイターズ,埼玉西武ライオンズ,埼玉西武ライオンズ,北海道日本ハムファイターズ,0
2021040033,5,表,3,1600134,2050307,一死二塁,高めの真っ直ぐを打つもセンターフライ 2アウト三塁,1,0,0,0,0,0,0,0,0,0,0,0,0,0,0,0,1,1,010,1,真っ直ぐ,高め,2026-03-04,エスコンF,ナイター,北海道日本ハムファイターズ,埼玉西武ライオンズ,埼玉西武ライオンズ,北海道日本ハムファイターズ,0
2021040033,5,表,4,1700122,2050307,二死三塁,一打先制の場面でファーストゴロ 3アウト,1,0,0,0,0,0,0,0,0,0,0,0,0,0,0,0,1,2,001,1,,,2026-03-04,エスコンF,ナイター,北海道日本ハムファイターズ,埼玉西武ライオンズ,埼玉西武ライオンズ,北海道日本ハムファイターズ,0
2021040033,5,裏,1,1800091,1400182,無死走者なし,フォアボールを選ぶ 一塁,0,0,0,0,0,1,0,0,0,0,0,0,0,0,0,0,1,0,000,0,,,2026-03-04,エスコンF,ナイター,北海道日本ハムファイターズ,埼玉西武ライオンズ,北海道日本ハムファイターズ,埼玉西武ライオンズ,1
2021040033,5,裏,2,1800095,1400182,無死一塁,外角高めの球を打つもセンターフライ 1アウト,1,0,0,0,0,0,0,0,0,0,0,0,0,0,0,0,1,0,100,0,,外角高め,2026-03-04,エスコンF,ナイター,北海道日本ハムファイターズ,埼玉西武ライオンズ,北海道日本ハムファイターズ,埼玉西武ライオンズ,1
2021040033,5,裏,3,1851204,1400182,一死一塁,ライトへのヒットで出塁 一三塁,1,1,0,0,0,0,0,0,0,0,0,0,0,0,0,0,1,1,100,0,,,2026-03-04,エスコンF,ナイター,北海道日本ハムファイターズ,埼玉西武ライオンズ,北海道日本ハムファイターズ,埼玉西武ライオンズ,1
2021040033,5,裏,4,900069,1400182,一死一三塁,－西武:内野手マウンドへ集まる－,0,0,0,0,0,0,0,0,0,0,0,0,0,0,0,0,0,1,101,1,,,2026-03-04,エスコンF,ナイター,北海道日本ハムファイターズ,埼玉西武ライオンズ,北海道日本ハムファイターズ,埼玉西武ライオンズ,1
2021040033,5,裏,5,2000084,1400182,一死一二塁,ワンバウンドした球に空振り、三振を喫する 2アウト,1,0,0,0,0,0,0,1,0,0,0,0,0,0,0,0,1,1,110,1,,,2026-03-04,エスコンF,ナイター,北海道日本ハムファイターズ,埼玉西武ライオンズ,北海道日本ハムファイターズ,埼玉西武ライオンズ,1
2021040033,5,裏,6,1850932,1400182,二死一二塁,ショートゴロ 3アウト,1,0,0,0,0,0,0,0,0,0,0,0,0,0,0,0,1,2,110,1,,,2026-03-04,エスコンF,ナイター,北海道日本ハムファイターズ,埼玉西武ライオンズ,北海道日本ハムファイターズ,埼玉西武ライオンズ,1
2021040033,6,表,1,1950417,1950486,無死走者なし,外角のスライダーを引っかけてショートゴロ 1アウト,1,0,0,0,0,0,0,0,0,0,0,0,0,0,0,0,1,0,000,0,スライダー,外角,2026-03-04,エスコンF,ナイター,北海道日本ハムファイターズ,埼玉西武ライオンズ,埼玉西武ライオンズ,北海道日本ハムファイターズ,0
2021040033,6,表,2,2000073,1950486,一死走者なし,ライトへのヒットを放つ 一塁,1,1,0,0,0,0,0,0,0,0,0,0,0,0,0,0,1,1,000,0,,,2026-03-04,エスコンF,ナイター,北海道日本ハムファイターズ,埼玉西武ライオンズ,埼玉西武ライオンズ,北海道日本ハムファイターズ,0
2021040033,6,表,3,2117028,1950486,一死一塁,外角のカットボールを打つもライトフライ 2アウト,1,0,0,0,0,0,0,0,0,0,0,0,0,0,0,0,1,1,100,0,カットボール,外角,2026-03-04,エスコンF,ナイター,北海道日本ハムファイターズ,埼玉西武ライオンズ,埼玉西武ライオンズ,北海道日本ハムファイターズ,0
2021040033,6,表,4,2000069,1950486,二死一塁,ファーストゴロ 3アウト,1,0,0,0,0,0,0,0,0,0,0,0,0,0,0,0,1,2,100,0,,,2026-03-04,エスコンF,ナイター,北海道日本ハムファイターズ,埼玉西武ライオンズ,埼玉西武ライオンズ,北海道日本ハムファイターズ,0
2021040033,6,裏,1,2108090,2000075,無死走者なし,空振り三振 1アウト,1,0,0,0,0,0,0,1,0,0,0,0,0,0,0,0,1,0,000,0,,,2026-03-04,エスコンF,ナイター,北海道日本ハムファイターズ,埼玉西武ライオンズ,北海道日本ハムファイターズ,埼玉西武ライオンズ,1
2021040033,6,裏,2,1800093,2000075,一死走者なし,ライトへのヒットで出塁 一塁,1,1,0,0,0,0,0,0,0,0,0,0,0,0,0,0,1,1,000,0,,,2026-03-04,エスコンF,ナイター,北海道日本ハムファイターズ,埼玉西武ライオンズ,北海道日本ハムファイターズ,埼玉西武ライオンズ,1
2021040033,6,裏,3,1000100,2000075,一死一塁,空振り三振に倒れるもスタートを切っていた一塁走者,1,0,0,0,0,0,0,1,0,0,0,0,0,0,0,0,1,1,100,0,,,2026-03-04,エスコンF,ナイター,北海道日本ハムファイターズ,埼玉西武ライオンズ,北海道日本ハムファイターズ,埼玉西武ライオンズ,1
2021040033,6,裏,4,1800091,2000075,二死二塁,フォアボールを選ぶ 一二塁,0,0,0,0,0,1,0,0,0,0,0,0,0,0,0,0,1,2,010,1,,,2026-03-04,エスコンF,ナイター,北海道日本ハムファイターズ,埼玉西武ライオンズ,北海道日本ハムファイターズ,埼玉西武ライオンズ,1
2021040033,6,裏,5,1950486,2000075,二死一二塁,サードゴロ 3アウト,1,0,0,0,0,0,0,0,0,0,0,0,0,0,0,0,1,2,110,1,,,2026-03-04,エスコンF,ナイター,北海道日本ハムファイターズ,埼玉西武ライオンズ,北海道日本ハムファイターズ,埼玉西武ライオンズ,1
2021040033,7,表,1,1850820,1950486,無死走者なし,センターへのヒットを放つ 一塁,1,1,0,0,0,0,0,0,0,0,0,0,0,0,0,0,1,0,000,0,,,2026-03-04,エスコンF,ナイター,北海道日本ハムファイターズ,埼玉西武ライオンズ,埼玉西武ライオンズ,北海道日本ハムファイターズ,0
2021040033,7,表,2,2103618,1950486,無死一塁,一塁けん制:ランナー,0,0,0,0,0,0,0,0,0,0,0,0,0,0,0,0,0,0,100,0,,,2026-03-04,エスコンF,ナイター,北海道日本ハムファイターズ,埼玉西武ライオンズ,埼玉西武ライオンズ,北海道日本ハムファイターズ,0
2021040033,7,表,3,1100061,1950486,一死一塁,外角の変化球を打つもライトフライ 2アウト,1,0,0,0,0,0,0,0,0,0,0,0,0,0,0,0,1,1,100,0,変化球,外角,2026-03-04,エスコンF,ナイター,北海道日本ハムファイターズ,埼玉西武ライオンズ,埼玉西武ライオンズ,北海道日本ハムファイターズ,0
2021040033,7,表,4,1600134,1950486,二死一塁,詰まった打球はファーストゴロ 3アウト,1,0,0,0,0,0,0,0,0,0,0,0,0,0,0,0,1,2,100,0,,,2026-03-04,エスコンF,ナイター,北海道日本ハムファイターズ,埼玉西武ライオンズ,埼玉西武ライオンズ,北海道日本ハムファイターズ,0
2021040033,7,裏,1,1860140,2000075,無死走者なし,セカンドフライ 1アウト,1,0,0,0,0,0,0,0,0,0,0,0,0,0,0,0,1,0,000,0,,,2026-03-04,エスコンF,ナイター,北海道日本ハムファイターズ,埼玉西武ライオンズ,北海道日本ハムファイターズ,埼玉西武ライオンズ,1
2021040033,7,裏,2,2114529,2000075,一死走者なし,7球粘るも外角高めのスライダーに空振り三振 2アウト,1,0,0,0,0,0,0,1,0,0,0,0,0,0,0,0,1,1,000,0,スライダー,外角高め,2026-03-04,エスコンF,ナイター,北海道日本ハムファイターズ,埼玉西武ライオンズ,北海道日本ハムファイターズ,埼玉西武ライオンズ,1
2021040033,7,裏,3,2000084,2000075,二死走者なし,カウント1-0からレフトスタンドへのホームラン 日 2-0 西,1,1,0,0,1,0,0,0,0,0,0,1,1,0,0,0,1,2,000,0,,,2026-03-04,エスコンF,ナイター,北海道日本ハムファイターズ,埼玉西武ライオンズ,北海道日本ハムファイターズ,埼玉西武ライオンズ,1
2021040033,7,裏,4,1850932,2000075,二死走者なし,空振りの三振を喫する 3アウト,1,0,0,0,0,0,0,1,0,0,0,0,0,0,0,0,1,2,000,0,,,2026-03-04,エスコンF,ナイター,北海道日本ハムファイターズ,埼玉西武ライオンズ,北海道日本ハムファイターズ,埼玉西武ライオンズ,1
2021040033,8,表,1,1400184,1950486,無死走者なし,サードゴロ 1アウト,1,0,0,0,0,0,0,0,0,0,0,0,0,0,0,0,1,0,000,0,,,2026-03-04,エスコンF,ナイター,北海道日本ハムファイターズ,埼玉西武ライオンズ,埼玉西武ライオンズ,北海道日本ハムファイターズ,0
2021040033,8,表,2,2112133,1950486,一死走者なし,ショートゴロ 2アウト,1,0,0,0,0,0,0,0,0,0,0,0,0,0,0,0,1,1,000,0,,,2026-03-04,エスコンF,ナイター,北海道日本ハムファイターズ,埼玉西武ライオンズ,埼玉西武ライオンズ,北海道日本ハムファイターズ,0
2021040033,8,表,3,2000073,1950486,二死走者なし,レフトへのヒットで出塁 一塁,1,1,0,0,0,0,0,0,0,0,0,0,0,0,0,0,1,2,000,0,,,2026-03-04,エスコンF,ナイター,北海道日本ハムファイターズ,埼玉西武ライオンズ,埼玉西武ライオンズ,北海道日本ハムファイターズ,0
2021040033,8,表,4,2000075,1950486,二死一塁,ピッチャーへの痛烈な打球の内野安打 一二塁,1,1,0,0,0,0,0,0,0,0,0,0,0,0,0,0,1,2,100,0,,,2026-03-04,エスコンF,ナイター,北海道日本ハムファイターズ,埼玉西武ライオンズ,埼玉西武ライオンズ,北海道日本ハムファイターズ,0
2021040033,8,表,5,2000069,1950486,二死一二塁,ショートゴロ 3アウト,1,0,0,0,0,0,0,0,0,0,0,0,0,0,0,0,1,2,110,1,,,2026-03-04,エスコンF,ナイター,北海道日本ハムファイターズ,埼玉西武ライオンズ,埼玉西武ライオンズ,北海道日本ハムファイターズ,0
2021040033,8,裏,1,2108090,2000075,無死走者なし,空振りの三振を喫する 1アウト,1,0,0,0,0,0,0,1,0,0,0,0,0,0,0,0,1,0,000,0,,,2026-03-04,エスコンF,ナイター,北海道日本ハムファイターズ,埼玉西武ライオンズ,北海道日本ハムファイターズ,埼玉西武ライオンズ,1
2021040033,8,裏,2,1800093,2000075,一死走者なし,詰まった打球はショートゴロとなる 2アウト,1,0,0,0,0,0,0,0,0,0,0,0,0,0,0,0,1,1,000,0,,,2026-03-04,エスコンF,ナイター,北海道日本ハムファイターズ,埼玉西武ライオンズ,北海道日本ハムファイターズ,埼玉西武ライオンズ,1
2021040033,8,裏,3,1000100,2000075,二死走者なし,空振り三振でバッターアウト 3アウト,1,0,0,0,0,0,0,1,0,0,0,0,0,0,0,0,1,2,000,0,,,2026-03-04,エスコンF,ナイター,北海道日本ハムファイターズ,埼玉西武ライオンズ,北海道日本ハムファイターズ,埼玉西武ライオンズ,1
2021040033,9,表,1,1850820,1950486,無死走者なし,ショートゴロ 1アウト,1,0,0,0,0,0,0,0,0,0,0,0,0,0,0,0,1,0,000,0,,,2026-03-04,エスコンF,ナイター,北海道日本ハムファイターズ,埼玉西武ライオンズ,埼玉西武ライオンズ,北海道日本ハムファイターズ,0
2021040033,9,表,2,2100048,1950486,一死走者なし,全く反応できず見逃し三振でバッターアウト 2アウト,1,0,0,0,0,0,0,1,0,0,0,0,0,0,0,0,1,1,000,0,,,2026-03-04,エスコンF,ナイター,北海道日本ハムファイターズ,埼玉西武ライオンズ,埼玉西武ライオンズ,北海道日本ハムファイターズ,0
2021040033,9,表,3,1900065,1950486,二死走者なし,空振り三振でバッターアウト 3アウト,1,0,0,0,0,0,0,1,0,0,0,0,0,0,0,0,1,2,000,0,,,2026-03-04,エスコンF,ナイター,北海道日本ハムファイターズ,埼玉西武ライオンズ,埼玉西武ライオンズ,北海道日本ハムファイターズ,0
2021040034,1,表,1,1900082,2110493,無死走者なし,ワンバウンドした球に空振り、三振を喫する 1アウト,1,0,0,0,0,0,0,1,0,0,0,0,0,0,0,0,1,0,000,0,,,2026-03-04,静岡,デーゲーム,東北楽天ゴールデンイーグルス,千葉ロッテマリーンズ,千葉ロッテマリーンズ,東北楽天ゴールデンイーグルス,0
2021040034,1,表,2,1800050,2110493,一死走者なし,ライトへのヒットを放つ 一塁,1,1,0,0,0,0,0,0,0,0,0,0,0,0,0,0,1,1,000,0,,,2026-03-04,静岡,デーゲーム,東北楽天ゴールデンイーグルス,千葉ロッテマリーンズ,千葉ロッテマリーンズ,東北楽天ゴールデンイーグルス,0
2021040034,1,表,3,2000094,2110493,一死一塁,一塁けん制:ランナー,0,0,0,0,0,0,0,0,0,0,0,0,0,0,0,0,0,1,100,0,,,2026-03-04,静岡,デーゲーム,東北楽天ゴールデンイーグルス,千葉ロッテマリーンズ,千葉ロッテマリーンズ,東北楽天ゴールデンイーグルス,0
2021040034,1,表,4,1700020,2110493,二死一塁,一塁けん制:ランナー,0,0,0,0,0,0,0,0,0,0,0,0,0,0,0,0,0,2,100,0,,,2026-03-04,静岡,デーゲーム,東北楽天ゴールデンイーグルス,千葉ロッテマリーンズ,千葉ロッテマリーンズ,東北楽天ゴールデンイーグルス,0
2021040034,1,裏,1,1900100,2103904,無死走者なし,サードゴロ 1アウト,1,0,0,0,0,0,0,0,0,0,0,0,0,0,0,0,1,0,000,0,,,2026-03-04,静岡,デーゲーム,東北楽天ゴールデンイーグルス,千葉ロッテマリーンズ,東北楽天ゴールデンイーグルス,千葉ロッテマリーンズ,1
2021040034,1,裏,2,1950278,2103904,一死走者なし,セカンドゴロ 2アウト,1,0,0,0,0,0,0,0,0,0,0,0,0,0,0,0,1,1,000,0,,,2026-03-04,静岡,デーゲーム,東北楽天ゴールデンイーグルス,千葉ロッテマリーンズ,東北楽天ゴールデンイーグルス,千葉ロッテマリーンズ,1
2021040034,1,裏,3,1760551,2103904,二死走者なし,フォアボールを選ぶ 一塁,0,0,0,0,0,1,0,0,0,0,0,0,0,0,0,0,1,2,000,0,,,2026-03-04,静岡,デーゲーム,東北楽天ゴールデンイーグルス,千葉ロッテマリーンズ,東北楽天ゴールデンイーグルス,千葉ロッテマリーンズ,1
2021040034,1,裏,4,900056,2103904,二死一塁,ピッチャーゴロ 3アウト,1,0,0,0,0,0,0,0,0,0,0,0,0,0,0,0,1,2,100,0,,,2026-03-04,静岡,デーゲーム,東北楽天ゴールデンイーグルス,千葉ロッテマリーンズ,東北楽天ゴールデンイーグルス,千葉ロッテマリーンズ,1
2021040034,2,表,1,1700020,2110493,無死走者なし,見逃し三振でバッターアウト！ 1アウト,1,0,0,0,0,0,0,1,0,0,0,0,0,0,0,0,1,0,000,0,,,2026-03-04,静岡,デーゲーム,東北楽天ゴールデンイーグルス,千葉ロッテマリーンズ,千葉ロッテマリーンズ,東北楽天ゴールデンイーグルス,0
2021040034,2,表,2,2102926,2110493,一死走者なし,センターへのヒットを放つ 一塁,1,1,0,0,0,0,0,0,0,0,0,0,0,0,0,0,1,1,000,0,,,2026-03-04,静岡,デーゲーム,東北楽天ゴールデンイーグルス,千葉ロッテマリーンズ,千葉ロッテマリーンズ,東北楽天ゴールデンイーグルス,0
2021040034,2,表,3,1100096,2110493,一死一塁,セカンドゴロ 2アウト一塁,1,0,0,0,0,0,0,0,0,0,0,0,0,0,0,0,1,1,100,0,,,2026-03-04,静岡,デーゲーム,東北楽天ゴールデンイーグルス,千葉ロッテマリーンズ,千葉ロッテマリーンズ,東北楽天ゴールデンイーグルス,0
2021040034,2,表,4,2117855,2110493,二死一塁,ショートフライ 3アウト,1,0,0,0,0,0,0,0,0,0,0,0,0,0,0,0,1,2,100,0,,,2026-03-04,静岡,デーゲーム,東北楽天ゴールデンイーグルス,千葉ロッテマリーンズ,千葉ロッテマリーンズ,東北楽天ゴールデンイーグルス,0
2021040034,2,裏,1,1900113,2103904,無死走者なし,粘りを見せて8球目にフォアボールを選ぶ 一塁,0,0,0,0,0,1,0,0,0,0,0,0,0,0,0,0,1,0,000,0,,,2026-03-04,静岡,デーゲーム,東北楽天ゴールデンイーグルス,千葉ロッテマリーンズ,東北楽天ゴールデンイーグルス,千葉ロッテマリーンズ,1
2021040034,2,裏,2,1851157,2103904,無死一塁,一塁けん制:ランナー,0,0,0,0,0,0,0,0,0,0,0,0,0,0,0,0,0,0,100,0,,,2026-03-04,静岡,デーゲーム,東北楽天ゴールデンイーグルス,千葉ロッテマリーンズ,東北楽天ゴールデンイーグルス,千葉ロッテマリーンズ,1
2021040034,2,裏,3,2122300,2103904,一死二塁,ランナー二塁から高めの球を打つもセンターフライ 2アウト三塁,1,0,0,0,0,0,0,0,0,0,0,0,0,0,0,0,1,1,010,1,,高め,2026-03-04,静岡,デーゲーム,東北楽天ゴールデンイーグルス,千葉ロッテマリーンズ,東北楽天ゴールデンイーグルス,千葉ロッテマリーンズ,1
2021040034,2,裏,4,1900112,2103904,二死三塁,一打先制の場面でセカンドゴロ 3アウト,1,0,0,0,0,0,0,0,0,0,0,0,0,0,0,0,1,2,001,1,,,2026-03-04,静岡,デーゲーム,東北楽天ゴールデンイーグルス,千葉ロッテマリーンズ,東北楽天ゴールデンイーグルス,千葉ロッテマリーンズ,1
2021040034,3,表,1,1900081,1900114,無死走者なし,内角高めのストレートを打つもレフトフライ 1アウト,1,0,0,0,0,0,0,0,0,0,0,0,0,0,0,0,1,0,000,0,ストレート,内角高め,2026-03-04,静岡,デーゲーム,東北楽天ゴールデンイーグルス,千葉ロッテマリーンズ,千葉ロッテマリーンズ,東北楽天ゴールデンイーグルス,0
2021040034,3,表,2,2106798,1900114,一死走者なし,セカンドフライ 2アウト,1,0,0,0,0,0,0,0,0,0,0,0,0,0,0,0,1,1,000,0,,,2026-03-04,静岡,デーゲーム,東北楽天ゴールデンイーグルス,千葉ロッテマリーンズ,千葉ロッテマリーンズ,東北楽天ゴールデンイーグルス,0
2021040034,3,表,3,1900082,1900114,二死走者なし,セカンドゴロ 3アウト,1,0,0,0,0,0,0,0,0,0,0,0,0,0,0,0,1,2,000,0,,,2026-03-04,静岡,デーゲーム,東北楽天ゴールデンイーグルス,千葉ロッテマリーンズ,千葉ロッテマリーンズ,東北楽天ゴールデンイーグルス,0
2021040034,3,裏,1,1800118,2103904,無死走者なし,高めのストレートを打つもセンターフライ 1アウト,1,0,0,0,0,0,0,0,0,0,0,0,0,0,0,0,1,0,000,0,ストレート,高め,2026-03-04,静岡,デーゲーム,東北楽天ゴールデンイーグルス,千葉ロッテマリーンズ,東北楽天ゴールデンイーグルス,千葉ロッテマリーンズ,1
2021040034,3,裏,2,1900100,2103904,一死走者なし,空振りの三振を喫する 2アウト,1,0,0,0,0,0,0,1,0,0,0,0,0,0,0,0,1,1,000,0,,,2026-03-04,静岡,デーゲーム,東北楽天ゴールデンイーグルス,千葉ロッテマリーンズ,東北楽天ゴールデンイーグルス,千葉ロッテマリーンズ,1
2021040034,3,裏,3,1950278,2103904,二死走者なし,ファーストゴロ 3アウト,1,0,0,0,0,0,0,0,0,0,0,0,0,0,0,0,1,2,000,0,,,2026-03-04,静岡,デーゲーム,東北楽天ゴールデンイーグルス,千葉ロッテマリーンズ,東北楽天ゴールデンイーグルス,千葉ロッテマリーンズ,1
2021040034,4,表,1,1800050,1950716,無死走者なし,フォアボールを選ぶ 一塁,0,0,0,0,0,1,0,0,0,0,0,0,0,0,0,0,1,0,000,0,,,2026-03-04,静岡,デーゲーム,東北楽天ゴールデンイーグルス,千葉ロッテマリーンズ,千葉ロッテマリーンズ,東北楽天ゴールデンイーグルス,0
2021040034,4,表,2,2000094,1950716,無死一塁,一塁けん制:ランナー,0,0,0,0,0,0,0,0,0,0,0,0,0,0,0,0,0,0,100,0,,,2026-03-04,静岡,デーゲーム,東北楽天ゴールデンイーグルス,千葉ロッテマリーンズ,千葉ロッテマリーンズ,東北楽天ゴールデンイーグルス,0
2021040034,4,表,3,1700020,1950716,一死三塁,ランナー三塁からレフトへのタイムリーヒットでロッテ先制！ 楽 0-1 ロ 一塁,1,1,0,0,0,0,0,0,0,0,0,1,0,0,0,0,1,1,001,1,,,2026-03-04,静岡,デーゲーム,東北楽天ゴールデンイーグルス,千葉ロッテマリーンズ,千葉ロッテマリーンズ,東北楽天ゴールデンイーグルス,0
2021040034,4,表,4,2102926,1950716,一死一塁,空振り三振でバッターアウト 2アウト,1,0,0,0,0,0,0,1,0,0,0,0,0,0,0,0,1,1,100,0,,,2026-03-04,静岡,デーゲーム,東北楽天ゴールデンイーグルス,千葉ロッテマリーンズ,千葉ロッテマリーンズ,東北楽天ゴールデンイーグルス,0
2021040034,4,表,5,1100096,1950716,二死一塁,外角低めのスプリットを打つもライトフライ 3アウト,1,0,0,0,0,0,0,0,0,0,0,0,0,0,0,0,1,2,100,0,スプリット,外角低め,2026-03-04,静岡,デーゲーム,東北楽天ゴールデンイーグルス,千葉ロッテマリーンズ,千葉ロッテマリーンズ,東北楽天ゴールデンイーグルス,0
2021040034,4,裏,1,1760551,2103904,無死走者なし,空振り三振でバッターアウト 1アウト,1,0,0,0,0,0,0,1,0,0,0,0,0,0,0,0,1,0,000,0,,,2026-03-04,静岡,デーゲーム,東北楽天ゴールデンイーグルス,千葉ロッテマリーンズ,東北楽天ゴールデンイーグルス,千葉ロッテマリーンズ,1
2021040034,4,裏,2,900056,2103904,一死走者なし,全く手が出ず三球三振 2アウト,1,0,0,0,0,0,0,1,0,0,0,0,0,0,0,0,1,1,000,0,,,2026-03-04,静岡,デーゲーム,東北楽天ゴールデンイーグルス,千葉ロッテマリーンズ,東北楽天ゴールデンイーグルス,千葉ロッテマリーンズ,1
2021040034,4,裏,3,1900113,2103904,二死走者なし,ストレートのフォアボールで出塁 一塁,0,0,0,0,0,1,0,0,0,0,0,0,0,0,0,0,1,2,000,0,ストレート,,2026-03-04,静岡,デーゲーム,東北楽天ゴールデンイーグルス,千葉ロッテマリーンズ,東北楽天ゴールデンイーグルス,千葉ロッテマリーンズ,1
2021040034,4,裏,4,1851157,2103904,二死一塁,一塁けん制:ランナー,0,0,0,0,0,0,0,0,0,0,0,0,0,0,0,0,0,2,100,0,,,2026-03-04,静岡,デーゲーム,東北楽天ゴールデンイーグルス,千葉ロッテマリーンズ,東北楽天ゴールデンイーグルス,千葉ロッテマリーンズ,1
2021040034,5,表,1,2117855,1950716,無死走者なし,ショートゴロ 1アウト,1,0,0,0,0,0,0,0,0,0,0,0,0,0,0,0,1,0,000,0,,,2026-03-04,静岡,デーゲーム,東北楽天ゴールデンイーグルス,千葉ロッテマリーンズ,千葉ロッテマリーンズ,東北楽天ゴールデンイーグルス,0
2021040034,5,表,2,1900081,1950716,一死走者なし,空振り三振でバッターアウト 2アウト,1,0,0,0,0,0,0,1,0,0,0,0,0,0,0,0,1,1,000,0,,,2026-03-04,静岡,デーゲーム,東北楽天ゴールデンイーグルス,千葉ロッテマリーンズ,千葉ロッテマリーンズ,東北楽天ゴールデンイーグルス,0
2021040034,5,表,3,2106798,1950716,二死走者なし,ショートゴロ 3アウト,1,0,0,0,0,0,0,0,0,0,0,0,0,0,0,0,1,2,000,0,,,2026-03-04,静岡,デーゲーム,東北楽天ゴールデンイーグルス,千葉ロッテマリーンズ,千葉ロッテマリーンズ,東北楽天ゴールデンイーグルス,0
2021040034,5,裏,1,2122300,2117859,無死走者なし,ライトへポテンヒットを放つ 一塁,1,1,0,0,0,0,0,0,0,0,0,0,0,0,0,0,1,0,000,0,,,2026-03-04,静岡,デーゲーム,東北楽天ゴールデンイーグルス,千葉ロッテマリーンズ,東北楽天ゴールデンイーグルス,千葉ロッテマリーンズ,1
2021040034,5,裏,2,1900112,2117859,無死一塁,見事送りバントを成功させる 1アウト二塁,0,0,0,0,0,0,0,0,1,0,0,0,0,0,0,0,1,0,100,0,,,2026-03-04,静岡,デーゲーム,東北楽天ゴールデンイーグルス,千葉ロッテマリーンズ,東北楽天ゴールデンイーグルス,千葉ロッテマリーンズ,1
2021040034,5,裏,3,1800123,2117859,一死二塁,ランナー二塁から高めのチェンジアップを打つもレフトフライ 2アウト,1,0,0,0,0,0,0,0,0,0,0,0,0,0,0,0,1,1,010,1,チェンジアップ,高め,2026-03-04,静岡,デーゲーム,東北楽天ゴールデンイーグルス,千葉ロッテマリーンズ,東北楽天ゴールデンイーグルス,千葉ロッテマリーンズ,1
2021040034,5,裏,4,1100103,2117859,二死二塁,カウント1-2から見逃し三振！決定機を逃す 3アウト,1,0,0,0,0,0,0,1,0,0,0,0,0,0,0,0,1,2,010,1,,,2026-03-04,静岡,デーゲーム,東北楽天ゴールデンイーグルス,千葉ロッテマリーンズ,東北楽天ゴールデンイーグルス,千葉ロッテマリーンズ,1
2021040034,6,表,1,1900082,1950716,無死走者なし,セカンドゴロ 1アウト,1,0,0,0,0,0,0,0,0,0,0,0,0,0,0,0,1,0,000,0,,,2026-03-04,静岡,デーゲーム,東北楽天ゴールデンイーグルス,千葉ロッテマリーンズ,千葉ロッテマリーンズ,東北楽天ゴールデンイーグルス,0
2021040034,6,表,2,1800050,1950716,一死走者なし,ライトへのヒットを放つ 一塁,1,1,0,0,0,0,0,0,0,0,0,0,0,0,0,0,1,1,000,0,,,2026-03-04,静岡,デーゲーム,東北楽天ゴールデンイーグルス,千葉ロッテマリーンズ,千葉ロッテマリーンズ,東北楽天ゴールデンイーグルス,0
2021040034,6,表,3,2000094,1950716,一死一塁,一塁けん制:ランナー,0,0,0,0,0,0,0,0,0,0,0,0,0,0,0,0,0,1,100,0,,,2026-03-04,静岡,デーゲーム,東北楽天ゴールデンイーグルス,千葉ロッテマリーンズ,千葉ロッテマリーンズ,東北楽天ゴールデンイーグルス,0
2021040034,6,表,4,1700020,1950716,二死一塁,ランナー三塁の3-2からタイムリーヒット 楽 0-2 ロ 一塁,1,1,0,0,0,0,0,0,0,0,0,1,0,0,0,0,1,2,100,0,,,2026-03-04,静岡,デーゲーム,東北楽天ゴールデンイーグルス,千葉ロッテマリーンズ,千葉ロッテマリーンズ,東北楽天ゴールデンイーグルス,0
2021040034,6,表,5,2102926,1950716,二死一塁,一塁けん制:ランナー,0,0,0,0,0,0,0,0,0,0,0,0,0,0,0,0,0,2,100,0,,,2026-03-04,静岡,デーゲーム,東北楽天ゴールデンイーグルス,千葉ロッテマリーンズ,千葉ロッテマリーンズ,東北楽天ゴールデンイーグルス,0
2021040034,6,表,6,1100096,1950716,二死一二塁,二塁けん制:ランナー,0,0,0,0,0,0,0,0,0,0,0,0,0,0,0,0,0,2,110,1,,,2026-03-04,静岡,デーゲーム,東北楽天ゴールデンイーグルス,千葉ロッテマリーンズ,千葉ロッテマリーンズ,東北楽天ゴールデンイーグルス,0
2021040034,6,裏,1,1950278,2117855,無死走者なし,レフトへのヒットを放つ 一塁,1,1,0,0,0,0,0,0,0,0,0,0,0,0,0,0,1,0,000,0,,,2026-03-04,静岡,デーゲーム,東北楽天ゴールデンイーグルス,千葉ロッテマリーンズ,東北楽天ゴールデンイーグルス,千葉ロッテマリーンズ,1
2021040034,6,裏,2,1760551,2117855,無死一塁,ランナー二塁の3-2からセンターへタイムリーツーベース！ 楽 1-2 ロ 二塁,1,1,1,0,0,0,0,0,0,0,0,0,0,0,0,0,1,0,100,0,,,2026-03-04,静岡,デーゲーム,東北楽天ゴールデンイーグルス,千葉ロッテマリーンズ,東北楽天ゴールデンイーグルス,千葉ロッテマリーンズ,1
2021040034,6,裏,3,900056,2117855,無死二塁,ランナー二塁からライトへの同点タイムリーツーベース！ 楽 2-2 ロ 二塁,1,1,1,0,0,0,0,0,0,0,0,0,0,0,0,0,1,0,010,1,,,2026-03-04,静岡,デーゲーム,東北楽天ゴールデンイーグルス,千葉ロッテマリーンズ,東北楽天ゴールデンイーグルス,千葉ロッテマリーンズ,1
2021040034,6,裏,4,1900113,2117855,無死二塁,セカンドゴロ 1アウト三塁,1,0,0,0,0,0,0,0,0,0,0,0,0,0,0,0,1,0,010,1,,,2026-03-04,静岡,デーゲーム,東北楽天ゴールデンイーグルス,千葉ロッテマリーンズ,東北楽天ゴールデンイーグルス,千葉ロッテマリーンズ,1
2021040034,6,裏,5,1851157,2117855,一死三塁,全く反応できず三球三振 2アウト,1,0,0,0,0,0,0,1,0,0,0,0,0,0,0,0,1,1,001,1,,,2026-03-04,静岡,デーゲーム,東北楽天ゴールデンイーグルス,千葉ロッテマリーンズ,東北楽天ゴールデンイーグルス,千葉ロッテマリーンズ,1
2021040034,6,裏,6,1600099,2117855,二死三塁,ランナー三塁から勝ち越しのタイムリーツーベース！ 楽 3-2 ロ 二塁,1,1,1,0,0,0,0,0,0,0,0,0,0,0,0,0,1,2,001,1,,,2026-03-04,静岡,デーゲーム,東北楽天ゴールデンイーグルス,千葉ロッテマリーンズ,東北楽天ゴールデンイーグルス,千葉ロッテマリーンズ,1
2021040034,6,裏,7,1900112,2117855,二死二塁,ボテボテのショートゴロ 3アウト,1,0,0,0,0,0,0,0,0,0,0,0,0,0,0,0,1,2,010,1,,,2026-03-04,静岡,デーゲーム,東北楽天ゴールデンイーグルス,千葉ロッテマリーンズ,東北楽天ゴールデンイーグルス,千葉ロッテマリーンズ,1
2021040034,7,表,1,1100096,1950716,無死走者なし,外角低めのストレートを打つもセカンドライナー 1アウト,1,0,0,0,0,0,0,0,0,0,0,0,0,0,0,0,1,0,000,0,ストレート,外角低め,2026-03-04,静岡,デーゲーム,東北楽天ゴールデンイーグルス,千葉ロッテマリーンズ,千葉ロッテマリーンズ,東北楽天ゴールデンイーグルス,0
2021040034,7,表,2,1850947,1950716,一死走者なし,セカンドゴロ 2アウト,1,0,0,0,0,0,0,0,0,0,0,0,0,0,0,0,1,1,000,0,,,2026-03-04,静岡,デーゲーム,東北楽天ゴールデンイーグルス,千葉ロッテマリーンズ,千葉ロッテマリーンズ,東北楽天ゴールデンイーグルス,0
2021040034,7,表,3,2117859,1950716,二死走者なし,内角高めのスプリットを打つもライトフライ 3アウト,1,0,0,0,0,0,0,0,0,0,0,0,0,0,0,0,1,2,000,0,スプリット,内角高め,2026-03-04,静岡,デーゲーム,東北楽天ゴールデンイーグルス,千葉ロッテマリーンズ,千葉ロッテマリーンズ,東北楽天ゴールデンイーグルス,0
2021040034,7,裏,1,1800123,1850947,無死走者なし,高めの球を打つもセンターフライ 1アウト,1,0,0,0,0,0,0,0,0,0,0,0,0,0,0,0,1,0,000,0,,高め,2026-03-04,静岡,デーゲーム,東北楽天ゴールデンイーグルス,千葉ロッテマリーンズ,東北楽天ゴールデンイーグルス,千葉ロッテマリーンズ,1
2021040034,7,裏,2,1100103,1850947,一死走者なし,見逃し三振でバッターアウト！ 2アウト,1,0,0,0,0,0,0,1,0,0,0,0,0,0,0,0,1,1,000,0,,,2026-03-04,静岡,デーゲーム,東北楽天ゴールデンイーグルス,千葉ロッテマリーンズ,東北楽天ゴールデンイーグルス,千葉ロッテマリーンズ,1
2021040034,7,裏,3,1950278,1850947,二死走者なし,詰まった打球はセカンドゴロ 3アウト,1,0,0,0,0,0,0,0,0,0,0,0,0,0,0,0,1,2,000,0,,,2026-03-04,静岡,デーゲーム,東北楽天ゴールデンイーグルス,千葉ロッテマリーンズ,東北楽天ゴールデンイーグルス,千葉ロッテマリーンズ,1
2021040034,8,表,1,1800053,1950716,無死走者なし,フォアボールを選ぶ 一塁,0,0,0,0,0,1,0,0,0,0,0,0,0,0,0,0,1,0,000,0,,,2026-03-04,静岡,デーゲーム,東北楽天ゴールデンイーグルス,千葉ロッテマリーンズ,千葉ロッテマリーンズ,東北楽天ゴールデンイーグルス,0
2021040034,8,表,2,1900082,1950716,無死一塁,一塁けん制:ランナー,0,0,0,0,0,0,0,0,0,0,0,0,0,0,0,0,0,0,100,0,,,2026-03-04,静岡,デーゲーム,東北楽天ゴールデンイーグルス,千葉ロッテマリーンズ,千葉ロッテマリーンズ,東北楽天ゴールデンイーグルス,0
2021040034,8,表,3,1900045,1950716,無死一三塁,また一塁けん制:ランナー,0,0,0,0,0,0,0,0,0,0,0,0,0,0,0,0,0,0,101,1,,,2026-03-04,静岡,デーゲーム,東北楽天ゴールデンイーグルス,千葉ロッテマリーンズ,千葉ロッテマリーンズ,東北楽天ゴールデンイーグルス,0
2021040034,8,表,4,2000094,1950716,無死一三塁,ピッチャーゴロ,1,0,0,0,0,0,0,0,0,0,0,0,0,0,0,0,1,0,101,1,,,2026-03-04,静岡,デーゲーム,東北楽天ゴールデンイーグルス,千葉ロッテマリーンズ,千葉ロッテマリーンズ,東北楽天ゴールデンイーグルス,0
2021040034,8,表,5,2000089,1950716,一死一二塁,ショートゴロ 2アウト一三塁,1,0,0,0,0,0,0,0,0,0,0,0,0,0,0,0,1,1,110,1,,,2026-03-04,静岡,デーゲーム,東北楽天ゴールデンイーグルス,千葉ロッテマリーンズ,千葉ロッテマリーンズ,東北楽天ゴールデンイーグルス,0
2021040034,8,表,6,2102926,2112429,二死一三塁,四球 満塁,0,0,0,0,0,1,0,0,0,0,0,0,0,0,0,0,1,2,101,1,,,2026-03-04,静岡,デーゲーム,東北楽天ゴールデンイーグルス,千葉ロッテマリーンズ,千葉ロッテマリーンズ,東北楽天ゴールデンイーグルス,0
2021040034,8,表,7,1100096,2112429,二死満塁,－楽天:コーチマウンドへむかう－,0,0,0,0,0,0,0,0,0,0,0,0,0,0,0,0,0,2,111,1,,,2026-03-04,静岡,デーゲーム,東北楽天ゴールデンイーグルス,千葉ロッテマリーンズ,千葉ロッテマリーンズ,東北楽天ゴールデンイーグルス,0
2021040034,8,裏,1,1961929,1700098,無死走者なし,内角高めのストレートを打つもセンターフライ 1アウト,1,0,0,0,0,0,0,0,0,0,0,0,0,0,0,0,1,0,000,0,ストレート,内角高め,2026-03-04,静岡,デーゲーム,東北楽天ゴールデンイーグルス,千葉ロッテマリーンズ,東北楽天ゴールデンイーグルス,千葉ロッテマリーンズ,1
2021040034,8,裏,2,2000125,1700098,一死走者なし,,0,0,0,0,0,0,0,0,0,0,0,0,0,0,0,0,0,1,000,0,,,2026-03-04,静岡,デーゲーム,東北楽天ゴールデンイーグルス,千葉ロッテマリーンズ,東北楽天ゴールデンイーグルス,千葉ロッテマリーンズ,1
2021040034,8,裏,3,1900113,1700098,一死二塁,二塁けん制:ランナー,0,0,0,0,0,0,0,0,0,0,0,0,0,0,0,0,0,1,010,1,,,2026-03-04,静岡,デーゲーム,東北楽天ゴールデンイーグルス,千葉ロッテマリーンズ,東北楽天ゴールデンイーグルス,千葉ロッテマリーンズ,1
2021040034,8,裏,4,1851157,1700098,一死一二塁,ワンバウンドした球を空振り三振 2アウト,1,0,0,0,0,0,0,1,0,0,0,0,0,0,0,0,1,1,110,1,,,2026-03-04,静岡,デーゲーム,東北楽天ゴールデンイーグルス,千葉ロッテマリーンズ,東北楽天ゴールデンイーグルス,千葉ロッテマリーンズ,1
2021040034,8,裏,5,1600099,1700098,二死一二塁,一打勝ち越しの場面でショートフライ 3アウト,1,0,0,0,0,0,0,0,0,0,0,0,0,0,0,0,1,2,110,1,,,2026-03-04,静岡,デーゲーム,東北楽天ゴールデンイーグルス,千葉ロッテマリーンズ,東北楽天ゴールデンイーグルス,千葉ロッテマリーンズ,1
2021040034,9,表,1,1850947,1800123,無死走者なし,ライトへのヒットを放つ 一塁,1,1,0,0,0,0,0,0,0,0,0,0,0,0,0,0,1,0,000,0,,,2026-03-04,静岡,デーゲーム,東北楽天ゴールデンイーグルス,千葉ロッテマリーンズ,千葉ロッテマリーンズ,東北楽天ゴールデンイーグルス,0
2021040034,9,表,2,2117859,1800123,無死一塁,一塁けん制:ランナー,0,0,0,0,0,0,0,0,0,0,0,0,0,0,0,0,0,0,100,0,,,2026-03-04,静岡,デーゲーム,東北楽天ゴールデンイーグルス,千葉ロッテマリーンズ,千葉ロッテマリーンズ,東北楽天ゴールデンイーグルス,0
2021040034,9,表,3,1700098,1800123,一死二塁,空振り三振でバッターアウト 2アウト,1,0,0,0,0,0,0,1,0,0,0,0,0,0,0,0,1,1,010,1,,,2026-03-04,静岡,デーゲーム,東北楽天ゴールデンイーグルス,千葉ロッテマリーンズ,千葉ロッテマリーンズ,東北楽天ゴールデンイーグルス,0
2021040034,9,表,4,1900082,1800123,二死二塁,一打勝ち越しの場面でファーストゴロ 3アウト,1,0,0,0,0,0,0,0,0,0,0,0,0,0,0,0,1,2,010,1,,,2026-03-04,静岡,デーゲーム,東北楽天ゴールデンイーグルス,千葉ロッテマリーンズ,千葉ロッテマリーンズ,東北楽天ゴールデンイーグルス,0
2021040034,9,裏,1,1800044,1600108,無死走者なし,ファウルフライを,1,0,0,0,0,0,0,0,0,0,0,0,0,0,0,0,1,0,000,0,,,2026-03-04,静岡,デーゲーム,東北楽天ゴールデンイーグルス,千葉ロッテマリーンズ,東北楽天ゴールデンイーグルス,千葉ロッテマリーンズ,1
2021040034,9,裏,2,1800123,1600108,一死走者なし,センターへのヒットで出塁 一塁,1,1,0,0,0,0,0,0,0,0,0,0,0,0,0,0,1,1,000,0,,,2026-03-04,静岡,デーゲーム,東北楽天ゴールデンイーグルス,千葉ロッテマリーンズ,東北楽天ゴールデンイーグルス,千葉ロッテマリーンズ,1
2021040034,9,裏,3,1100103,1600108,一死一塁,一塁走者,0,0,0,0,0,0,0,0,0,0,0,0,0,0,0,0,0,1,100,0,,,2026-03-04,静岡,デーゲーム,東北楽天ゴールデンイーグルス,千葉ロッテマリーンズ,東北楽天ゴールデンイーグルス,千葉ロッテマリーンズ,1
2021040035,1,表,1,1900041,1960901,無死走者なし,高めの球を打つもレフトフライ 1アウト,1,0,0,0,0,0,0,0,0,0,0,0,0,0,0,0,1,0,000,0,,高め,2026-03-04,横浜,デーゲーム,横浜DeNAベイスターズ,中日ドラゴンズ,中日ドラゴンズ,横浜DeNAベイスターズ,0
2021040035,1,表,2,1750701,1960901,一死走者なし,見逃し三振 2アウト,1,0,0,0,0,0,0,1,0,0,0,0,0,0,0,0,1,1,000,0,,,2026-03-04,横浜,デーゲーム,横浜DeNAベイスターズ,中日ドラゴンズ,中日ドラゴンズ,横浜DeNAベイスターズ,0
2021040035,1,表,3,2103780,1960901,二死走者なし,フォアボールを選ぶ 一塁,0,0,0,0,0,1,0,0,0,0,0,0,0,0,0,0,1,2,000,0,,,2026-03-04,横浜,デーゲーム,横浜DeNAベイスターズ,中日ドラゴンズ,中日ドラゴンズ,横浜DeNAベイスターズ,0
2021040035,1,表,4,1600085,1960901,二死一塁,0-1からライトへのタイムリーツーベースで中日先制！,1,1,1,0,0,0,0,0,0,0,0,0,0,0,0,0,1,2,100,0,,,2026-03-04,横浜,デーゲーム,横浜DeNAベイスターズ,中日ドラゴンズ,中日ドラゴンズ,横浜DeNAベイスターズ,0
2021040035,1,表,5,1561854,1960901,二死三塁,7球粘るも外角低めの変化球に空振り三振 3アウト,1,0,0,0,0,0,0,1,0,0,0,0,0,0,0,0,1,2,001,1,変化球,外角低め,2026-03-04,横浜,デーゲーム,横浜DeNAベイスターズ,中日ドラゴンズ,中日ドラゴンズ,横浜DeNAベイスターズ,0
2021040035,1,裏,1,2103703,1951008,無死走者なし,センターへのヒットを放つ 一塁,1,1,0,0,0,0,0,0,0,0,0,0,0,0,0,0,1,0,000,0,,,2026-03-04,横浜,デーゲーム,横浜DeNAベイスターズ,中日ドラゴンズ,横浜DeNAベイスターズ,中日ドラゴンズ,1
2021040035,1,裏,2,2100277,1951008,無死一塁,詰まった打球はショートゴロ 1アウト一塁,1,0,0,0,0,0,0,0,0,0,0,0,0,0,0,0,1,0,100,0,,,2026-03-04,横浜,デーゲーム,横浜DeNAベイスターズ,中日ドラゴンズ,横浜DeNAベイスターズ,中日ドラゴンズ,1
2021040035,1,裏,3,1000002,1951008,一死一塁,4-6-3のダブルプレー 3アウト,1,0,0,0,0,0,0,0,0,0,1,0,0,0,0,0,1,1,100,0,,,2026-03-04,横浜,デーゲーム,横浜DeNAベイスターズ,中日ドラゴンズ,横浜DeNAベイスターズ,中日ドラゴンズ,1
2021040035,2,表,1,1560639,1960901,無死走者なし,二塁打 二塁,1,1,1,0,0,0,0,0,0,0,0,0,0,0,0,0,1,0,000,0,,,2026-03-04,横浜,デーゲーム,横浜DeNAベイスターズ,中日ドラゴンズ,中日ドラゴンズ,横浜DeNAベイスターズ,0
2021040035,2,表,2,1300079,1960901,無死二塁,外角低めのナックルカーブを打つもライトフライ 1アウト三塁,1,0,0,0,0,0,0,0,0,0,0,0,0,0,0,0,1,0,010,1,カーブ,外角低め,2026-03-04,横浜,デーゲーム,横浜DeNAベイスターズ,中日ドラゴンズ,中日ドラゴンズ,横浜DeNAベイスターズ,0
2021040035,2,表,3,2105102,1960901,一死三塁,空振り三振でバッターアウト 2アウト,1,0,0,0,0,0,0,1,0,0,0,0,0,0,0,0,1,1,001,1,,,2026-03-04,横浜,デーゲーム,横浜DeNAベイスターズ,中日ドラゴンズ,中日ドラゴンズ,横浜DeNAベイスターズ,0
2021040035,2,表,4,1750223,1960901,二死三塁,外角高めのストレートを打つもセンターフライ 3アウト,1,0,0,0,0,0,0,0,0,0,0,0,0,0,0,0,1,2,001,1,ストレート,外角高め,2026-03-04,横浜,デーゲーム,横浜DeNAベイスターズ,中日ドラゴンズ,中日ドラゴンズ,横浜DeNAベイスターズ,0
2021040035,2,裏,1,1200053,1951008,無死走者なし,レフトへの二塁打 二塁,1,1,1,0,0,0,0,0,0,0,0,0,0,0,0,0,1,0,000,0,,,2026-03-04,横浜,デーゲーム,横浜DeNAベイスターズ,中日ドラゴンズ,横浜DeNAベイスターズ,中日ドラゴンズ,1
2021040035,2,裏,2,2101034,1951008,無死二塁,0アウト三塁からファーストゴロ 1アウト,1,0,0,0,0,0,0,0,0,0,0,0,0,0,0,0,1,0,010,1,,,2026-03-04,横浜,デーゲーム,横浜DeNAベイスターズ,中日ドラゴンズ,横浜DeNAベイスターズ,中日ドラゴンズ,1
2021040035,2,裏,3,1900035,1951008,一死三塁,ファーストフライ 2アウト,1,0,0,0,0,0,0,0,0,0,0,0,0,0,0,0,1,1,001,1,,,2026-03-04,横浜,デーゲーム,横浜DeNAベイスターズ,中日ドラゴンズ,横浜DeNAベイスターズ,中日ドラゴンズ,1
2021040035,2,裏,4,1500064,1951008,二死三塁,DeNA同点！ デ 1-1 中,0,0,0,0,0,0,0,0,0,0,0,0,0,0,0,0,0,2,001,1,,,2026-03-04,横浜,デーゲーム,横浜DeNAベイスターズ,中日ドラゴンズ,横浜DeNAベイスターズ,中日ドラゴンズ,1
2021040035,3,表,1,1900041,1960901,無死走者なし,ファーストゴロ 1アウト,1,0,0,0,0,0,0,0,0,0,0,0,0,0,0,0,1,0,000,0,,,2026-03-04,横浜,デーゲーム,横浜DeNAベイスターズ,中日ドラゴンズ,中日ドラゴンズ,横浜DeNAベイスターズ,0
2021040035,3,表,2,1750701,1960901,一死走者なし,レフトへのツーベース 二塁,1,1,1,0,0,0,0,0,0,0,0,0,0,0,0,0,1,1,000,0,,,2026-03-04,横浜,デーゲーム,横浜DeNAベイスターズ,中日ドラゴンズ,中日ドラゴンズ,横浜DeNAベイスターズ,0
2021040035,3,表,3,2103780,2105007,一死二塁,空振りの三振を喫する 2アウト,1,0,0,0,0,0,0,1,0,0,0,0,0,0,0,0,1,1,010,1,,,2026-03-04,横浜,デーゲーム,横浜DeNAベイスターズ,中日ドラゴンズ,中日ドラゴンズ,横浜DeNAベイスターズ,0
2021040035,3,表,4,1600085,2105007,二死二塁,フルカウントから空振り三振でバッターアウト 3アウト,1,0,0,0,0,0,0,1,0,0,0,0,0,0,0,0,1,2,010,1,,,2026-03-04,横浜,デーゲーム,横浜DeNAベイスターズ,中日ドラゴンズ,中日ドラゴンズ,横浜DeNAベイスターズ,0
2021040035,3,裏,1,2112189,1951008,無死走者なし,ヒット 一塁,1,1,0,0,0,0,0,0,0,0,0,0,0,0,0,0,1,0,000,0,,,2026-03-04,横浜,デーゲーム,横浜DeNAベイスターズ,中日ドラゴンズ,横浜DeNAベイスターズ,中日ドラゴンズ,1
2021040035,3,裏,2,1600167,1951008,無死一塁,一塁けん制:ランナー,0,0,0,0,0,0,0,0,0,0,0,0,0,0,0,0,0,0,100,0,,,2026-03-04,横浜,デーゲーム,横浜DeNAベイスターズ,中日ドラゴンズ,横浜DeNAベイスターズ,中日ドラゴンズ,1
2021040035,3,裏,3,2103703,1951008,無死一二塁,空振り三振に倒れるもスタートを切っていた一塁走者,1,0,0,0,0,0,0,1,0,0,0,0,0,0,0,0,1,0,110,1,,,2026-03-04,横浜,デーゲーム,横浜DeNAベイスターズ,中日ドラゴンズ,横浜DeNAベイスターズ,中日ドラゴンズ,1
2021040035,3,裏,4,2100277,1951008,一死二三塁,ファーストへのファウルフライに倒れる 2アウト,1,0,0,0,0,0,0,0,0,0,0,0,0,0,0,0,1,1,111,1,,,2026-03-04,横浜,デーゲーム,横浜DeNAベイスターズ,中日ドラゴンズ,横浜DeNAベイスターズ,中日ドラゴンズ,1
2021040035,3,裏,5,1000002,1951008,二死二三塁,2アウト二三塁の3-0からレフトへの勝ち越しタイムリーヒット！ デ 3-1 中 一塁,1,1,0,0,0,0,0,0,0,0,0,1,0,0,0,0,1,2,111,1,,,2026-03-04,横浜,デーゲーム,横浜DeNAベイスターズ,中日ドラゴンズ,横浜DeNAベイスターズ,中日ドラゴンズ,1
2021040035,3,裏,6,1200053,1951008,二死一塁,センターへのヒットを放つ 一二塁,1,1,0,0,0,0,0,0,0,0,0,0,0,0,0,0,1,2,100,0,,,2026-03-04,横浜,デーゲーム,横浜DeNAベイスターズ,中日ドラゴンズ,横浜DeNAベイスターズ,中日ドラゴンズ,1
2021040035,3,裏,7,2101034,1951008,二死一二塁,DeNA・筒香の二塁けん制アウトの判定を巡り、DeNAがリクエスト,0,0,0,0,0,0,0,0,0,0,0,0,0,0,0,0,0,2,110,1,,,2026-03-04,横浜,デーゲーム,横浜DeNAベイスターズ,中日ドラゴンズ,横浜DeNAベイスターズ,中日ドラゴンズ,1
2021040035,4,表,1,1561854,1950913,無死走者なし,ショートゴロ 1アウト,1,0,0,0,0,0,0,0,0,0,0,0,0,0,0,0,1,0,000,0,,,2026-03-04,横浜,デーゲーム,横浜DeNAベイスターズ,中日ドラゴンズ,中日ドラゴンズ,横浜DeNAベイスターズ,0
2021040035,4,表,2,1560639,1950913,一死走者なし,サードゴロ 2アウト,1,0,0,0,0,0,0,0,0,0,0,0,0,0,0,0,1,1,000,0,,,2026-03-04,横浜,デーゲーム,横浜DeNAベイスターズ,中日ドラゴンズ,中日ドラゴンズ,横浜DeNAベイスターズ,0
2021040035,4,表,3,1300079,1950913,二死走者なし,ライトへのヒットを放つ 一塁,1,1,0,0,0,0,0,0,0,0,0,0,0,0,0,0,1,2,000,0,,,2026-03-04,横浜,デーゲーム,横浜DeNAベイスターズ,中日ドラゴンズ,中日ドラゴンズ,横浜DeNAベイスターズ,0
2021040035,4,表,4,2105102,1950913,二死一塁,ショートへの内野安打 一二塁,1,1,0,0,0,0,0,0,0,0,0,0,0,0,0,0,1,2,100,0,,,2026-03-04,横浜,デーゲーム,横浜DeNAベイスターズ,中日ドラゴンズ,中日ドラゴンズ,横浜DeNAベイスターズ,0
2021040035,4,表,5,1750223,1950913,二死一二塁,ピッチャーゴロ 3アウト,1,0,0,0,0,0,0,0,0,0,0,0,0,0,0,0,1,2,110,1,,,2026-03-04,横浜,デーゲーム,横浜DeNAベイスターズ,中日ドラゴンズ,中日ドラゴンズ,横浜DeNAベイスターズ,0
2021040035,4,裏,1,2101034,1951008,無死走者なし,センターへのヒットで出塁 一塁,1,1,0,0,0,0,0,0,0,0,0,0,0,0,0,0,1,0,000,0,,,2026-03-04,横浜,デーゲーム,横浜DeNAベイスターズ,中日ドラゴンズ,横浜DeNAベイスターズ,中日ドラゴンズ,1
2021040035,4,裏,2,1900035,1951008,無死一塁,一塁けん制:ランナー,0,0,0,0,0,0,0,0,0,0,0,0,0,0,0,0,0,0,100,0,,,2026-03-04,横浜,デーゲーム,横浜DeNAベイスターズ,中日ドラゴンズ,横浜DeNAベイスターズ,中日ドラゴンズ,1
2021040035,4,裏,3,1500064,1951008,一死一塁,一塁けん制:ランナー,0,0,0,0,0,0,0,0,0,0,0,0,0,0,0,0,0,1,100,0,,,2026-03-04,横浜,デーゲーム,横浜DeNAベイスターズ,中日ドラゴンズ,横浜DeNAベイスターズ,中日ドラゴンズ,1
2021040035,5,表,1,1900041,2117433,無死走者なし,内角高めの球を打つもファーストライナー 1アウト,1,0,0,0,0,0,0,0,0,0,0,0,0,0,0,0,1,0,000,0,,内角高め,2026-03-04,横浜,デーゲーム,横浜DeNAベイスターズ,中日ドラゴンズ,中日ドラゴンズ,横浜DeNAベイスターズ,0
2021040035,5,表,2,1750701,2117433,一死走者なし,四球 一塁,0,0,0,0,0,1,0,0,0,0,0,0,0,0,0,0,1,1,000,0,,,2026-03-04,横浜,デーゲーム,横浜DeNAベイスターズ,中日ドラゴンズ,中日ドラゴンズ,横浜DeNAベイスターズ,0
2021040035,5,表,3,2103780,2117433,一死一塁,内角のストレートを打つもレフトフライ 2アウト,1,0,0,0,0,0,0,0,0,0,0,0,0,0,0,0,1,1,100,0,ストレート,内角,2026-03-04,横浜,デーゲーム,横浜DeNAベイスターズ,中日ドラゴンズ,中日ドラゴンズ,横浜DeNAベイスターズ,0
2021040035,5,表,4,2103845,2117433,二死一塁,一塁けん制:ランナー,0,0,0,0,0,0,0,0,0,0,0,0,0,0,0,0,0,2,100,0,,,2026-03-04,横浜,デーゲーム,横浜DeNAベイスターズ,中日ドラゴンズ,中日ドラゴンズ,横浜DeNAベイスターズ,0
2021040035,5,裏,1,2112189,2105174,無死走者なし,ショートフライ 1アウト,1,0,0,0,0,0,0,0,0,0,0,0,0,0,0,0,1,0,000,0,,,2026-03-04,横浜,デーゲーム,横浜DeNAベイスターズ,中日ドラゴンズ,横浜DeNAベイスターズ,中日ドラゴンズ,1
2021040035,5,裏,2,1600167,2105174,一死走者なし,内角高めのストレートを打つもセンターフライ 2アウト,1,0,0,0,0,0,0,0,0,0,0,0,0,0,0,0,1,1,000,0,ストレート,内角高め,2026-03-04,横浜,デーゲーム,横浜DeNAベイスターズ,中日ドラゴンズ,横浜DeNAベイスターズ,中日ドラゴンズ,1
2021040035,5,裏,3,2103703,2105174,二死走者なし,ファーストゴロ 3アウト,1,0,0,0,0,0,0,0,0,0,0,0,0,0,0,0,1,2,000,0,,,2026-03-04,横浜,デーゲーム,横浜DeNAベイスターズ,中日ドラゴンズ,横浜DeNAベイスターズ,中日ドラゴンズ,1
2021040035,6,表,1,1561854,2115069,無死走者なし,ショートフライ 1アウト,1,0,0,0,0,0,0,0,0,0,0,0,0,0,0,0,1,0,000,0,,,2026-03-04,横浜,デーゲーム,横浜DeNAベイスターズ,中日ドラゴンズ,中日ドラゴンズ,横浜DeNAベイスターズ,0
2021040035,6,表,2,1560639,2115069,一死走者なし,ショートゴロ 2アウト,1,0,0,0,0,0,0,0,0,0,0,0,0,0,0,0,1,1,000,0,,,2026-03-04,横浜,デーゲーム,横浜DeNAベイスターズ,中日ドラゴンズ,中日ドラゴンズ,横浜DeNAベイスターズ,0
2021040035,6,表,3,1300079,2115069,二死走者なし,外角低めの球を打つもレフトフライ 3アウト,1,0,0,0,0,0,0,0,0,0,0,0,0,0,0,0,1,2,000,0,,外角低め,2026-03-04,横浜,デーゲーム,横浜DeNAベイスターズ,中日ドラゴンズ,中日ドラゴンズ,横浜DeNAベイスターズ,0
2021040035,6,裏,1,2100277,2105174,無死走者なし,空振り三振でバッターアウト 1アウト,1,0,0,0,0,0,0,1,0,0,0,0,0,0,0,0,1,0,000,0,,,2026-03-04,横浜,デーゲーム,横浜DeNAベイスターズ,中日ドラゴンズ,横浜DeNAベイスターズ,中日ドラゴンズ,1
2021040035,6,裏,2,1000002,2105174,一死走者なし,セカンドゴロ 2アウト,1,0,0,0,0,0,0,0,0,0,0,0,0,0,0,0,1,1,000,0,,,2026-03-04,横浜,デーゲーム,横浜DeNAベイスターズ,中日ドラゴンズ,横浜DeNAベイスターズ,中日ドラゴンズ,1
2021040035,6,裏,3,1950913,2105174,二死走者なし,ショートフライ 3アウト,1,0,0,0,0,0,0,0,0,0,0,0,0,0,0,0,1,2,000,0,,,2026-03-04,横浜,デーゲーム,横浜DeNAベイスターズ,中日ドラゴンズ,横浜DeNAベイスターズ,中日ドラゴンズ,1
2021040035,7,表,1,1500076,2115069,無死走者なし,外角の真っ直ぐを引っかけてショートゴロ 1アウト,1,0,0,0,0,0,0,0,0,0,0,0,0,0,0,0,1,0,000,0,真っ直ぐ,外角,2026-03-04,横浜,デーゲーム,横浜DeNAベイスターズ,中日ドラゴンズ,中日ドラゴンズ,横浜DeNAベイスターズ,0
2021040035,7,表,2,1750223,2115069,一死走者なし,ど真ん中のスライダーを打つもライトフライ 2アウト,1,0,0,0,0,0,0,0,0,0,0,0,0,0,0,0,1,1,000,0,スライダー,ど真ん中,2026-03-04,横浜,デーゲーム,横浜DeNAベイスターズ,中日ドラゴンズ,中日ドラゴンズ,横浜DeNAベイスターズ,0
2021040035,7,表,3,2107645,2115069,二死走者なし,セカンドゴロ 3アウト,1,0,0,0,0,0,0,0,0,0,0,0,0,0,0,0,1,2,000,0,,,2026-03-04,横浜,デーゲーム,横浜DeNAベイスターズ,中日ドラゴンズ,中日ドラゴンズ,横浜DeNAベイスターズ,0
2021040035,7,裏,1,2101034,2105174,無死走者なし,セカンドゴロ 1アウト,1,0,0,0,0,0,0,0,0,0,0,0,0,0,0,0,1,0,000,0,,,2026-03-04,横浜,デーゲーム,横浜DeNAベイスターズ,中日ドラゴンズ,横浜DeNAベイスターズ,中日ドラゴンズ,1
2021040035,7,裏,2,1800046,2105174,一死走者なし,内角低めのスライダーを打つもライトフライ 2アウト,1,0,0,0,0,0,0,0,0,0,0,0,0,0,0,0,1,1,000,0,スライダー,内角低め,2026-03-04,横浜,デーゲーム,横浜DeNAベイスターズ,中日ドラゴンズ,横浜DeNAベイスターズ,中日ドラゴンズ,1
2021040035,7,裏,3,1600089,2105174,二死走者なし,セカンドフライ 3アウト,1,0,0,0,0,0,0,0,0,0,0,0,0,0,0,0,1,2,000,0,,,2026-03-04,横浜,デーゲーム,横浜DeNAベイスターズ,中日ドラゴンズ,横浜DeNAベイスターズ,中日ドラゴンズ,1
2021040035,8,表,1,2105174,2115069,無死走者なし,ショートゴロ 1アウト,1,0,0,0,0,0,0,0,0,0,0,0,0,0,0,0,1,0,000,0,,,2026-03-04,横浜,デーゲーム,横浜DeNAベイスターズ,中日ドラゴンズ,中日ドラゴンズ,横浜DeNAベイスターズ,0
2021040035,8,表,2,2103780,2115069,一死走者なし,ショートゴロ 2アウト,1,0,0,0,0,0,0,0,0,0,0,0,0,0,0,0,1,1,000,0,,,2026-03-04,横浜,デーゲーム,横浜DeNAベイスターズ,中日ドラゴンズ,中日ドラゴンズ,横浜DeNAベイスターズ,0
2021040035,8,表,3,2103845,2115069,二死走者なし,全く反応できず三球三振 3アウト,1,0,0,0,0,0,0,1,0,0,0,0,0,0,0,0,1,2,000,0,,,2026-03-04,横浜,デーゲーム,横浜DeNAベイスターズ,中日ドラゴンズ,中日ドラゴンズ,横浜DeNAベイスターズ,0
2021040035,8,裏,1,1600021,2105174,無死走者なし,空振り三振 1アウト,1,0,0,0,0,0,0,1,0,0,0,0,0,0,0,0,1,0,000,0,,,2026-03-04,横浜,デーゲーム,横浜DeNAベイスターズ,中日ドラゴンズ,横浜DeNAベイスターズ,中日ドラゴンズ,1
2021040035,8,裏,2,2115069,2105174,一死走者なし,四球を選ぶ 一塁,0,0,0,0,0,1,0,0,0,0,0,0,0,0,0,0,1,1,000,0,,,2026-03-04,横浜,デーゲーム,横浜DeNAベイスターズ,中日ドラゴンズ,横浜DeNAベイスターズ,中日ドラゴンズ,1
2021040035,8,裏,3,2103703,2105174,一死一塁,センターへのヒットで出塁 一二塁,1,1,0,0,0,0,0,0,0,0,0,0,0,0,0,0,1,1,100,0,,,2026-03-04,横浜,デーゲーム,横浜DeNAベイスターズ,中日ドラゴンズ,横浜DeNAベイスターズ,中日ドラゴンズ,1
2021040035,8,裏,4,1700066,2105174,一死一二塁,キャッチャーフライ 2アウト,1,0,0,0,0,0,0,0,0,0,0,0,0,0,0,0,1,1,110,1,,,2026-03-04,横浜,デーゲーム,横浜DeNAベイスターズ,中日ドラゴンズ,横浜DeNAベイスターズ,中日ドラゴンズ,1
2021040035,8,裏,5,1850208,2105174,二死一二塁,死球を受ける 満塁,0,0,0,0,0,0,1,0,0,0,0,0,0,0,0,0,1,2,110,1,,,2026-03-04,横浜,デーゲーム,横浜DeNAベイスターズ,中日ドラゴンズ,横浜DeNAベイスターズ,中日ドラゴンズ,1
2021040035,8,裏,6,1950913,2105174,二死満塁,セカンドゴロ 3アウト,1,0,0,0,0,0,0,0,0,0,0,0,0,0,0,0,1,2,111,1,,,2026-03-04,横浜,デーゲーム,横浜DeNAベイスターズ,中日ドラゴンズ,横浜DeNAベイスターズ,中日ドラゴンズ,1
2021040035,9,表,1,1900037,2115069,無死走者なし,ショートゴロ 1アウト,1,0,0,0,0,0,0,0,0,0,0,0,0,0,0,0,1,0,000,0,,,2026-03-04,横浜,デーゲーム,横浜DeNAベイスターズ,中日ドラゴンズ,中日ドラゴンズ,横浜DeNAベイスターズ,0
2021040035,9,表,2,2103840,2115069,一死走者なし,詰まった打球はファーストゴロ 2アウト,1,0,0,0,0,0,0,0,0,0,0,0,0,0,0,0,1,1,000,0,,,2026-03-04,横浜,デーゲーム,横浜DeNAベイスターズ,中日ドラゴンズ,中日ドラゴンズ,横浜DeNAベイスターズ,0
2021040035,9,表,3,2103947,2115069,二死走者なし,レフトへのヒット 一塁,1,1,0,0,0,0,0,0,0,0,0,0,0,0,0,0,1,2,000,0,,,2026-03-04,横浜,デーゲーム,横浜DeNAベイスターズ,中日ドラゴンズ,中日ドラゴンズ,横浜DeNAベイスターズ,0
2021040035,9,表,4,1500076,2115069,二死一塁,フォアボールを選ぶ 一二塁,0,0,0,0,0,1,0,0,0,0,0,0,0,0,0,0,1,2,100,0,,,2026-03-04,横浜,デーゲーム,横浜DeNAベイスターズ,中日ドラゴンズ,中日ドラゴンズ,横浜DeNAベイスターズ,0
2021040035,9,表,5,1750223,2115069,二死一二塁,－DeNA:内野手マウンドへ集まる－,0,0,0,0,0,0,0,0,0,0,0,0,0,0,0,0,0,2,110,1,,,2026-03-04,横浜,デーゲーム,横浜DeNAベイスターズ,中日ドラゴンズ,中日ドラゴンズ,横浜DeNAベイスターズ,0
2021040035,9,表,6,2107645,2115069,二死満塁,外角低めの変化球を引っかけてセカンドゴロ 3アウト,1,0,0,0,0,0,0,0,0,0,0,0,0,0,0,0,1,2,111,1,変化球,外角低め,2026-03-04,横浜,デーゲーム,横浜DeNAベイスターズ,中日ドラゴンズ,中日ドラゴンズ,横浜DeNAベイスターズ,0
2021040036,1,表,1,1100082,2000096,無死走者なし,外角高めのストレートを打つもレフトフライ 1アウト,1,0,0,0,0,0,0,0,0,0,0,0,0,0,0,0,1,0,000,0,ストレート,外角高め,2026-03-04,京セラD大阪,ナイター,オリックス・バファローズ,広島東洋カープ,広島東洋カープ,オリックス・バファローズ,0
2021040036,1,表,2,1700068,2000096,一死走者なし,高めの変化球を打つもレフトフライ 2アウト,1,0,0,0,0,0,0,0,0,0,0,0,0,0,0,0,1,1,000,0,変化球,高め,2026-03-04,京セラD大阪,ナイター,オリックス・バファローズ,広島東洋カープ,広島東洋カープ,オリックス・バファローズ,0
2021040036,1,表,3,2110164,2000096,二死走者なし,詰まりながらもライトへヒットを放つ 一塁,1,1,0,0,0,0,0,0,0,0,0,0,0,0,0,0,1,2,000,0,,,2026-03-04,京セラD大阪,ナイター,オリックス・バファローズ,広島東洋カープ,広島東洋カープ,オリックス・バファローズ,0
2021040036,1,表,4,2050203,2000096,二死一塁,一塁けん制:ランナー,0,0,0,0,0,0,0,0,0,0,0,0,0,0,0,0,0,2,100,0,,,2026-03-04,京セラD大阪,ナイター,オリックス・バファローズ,広島東洋カープ,広島東洋カープ,オリックス・バファローズ,0
2021040036,1,表,5,1000150,2000096,二死二三塁,二塁けん制:ランナー,0,0,0,0,0,0,0,0,0,0,0,0,0,0,0,0,0,2,111,1,,,2026-03-04,京セラD大阪,ナイター,オリックス・バファローズ,広島東洋カープ,広島東洋カープ,オリックス・バファローズ,0
2021040036,1,裏,1,1500096,1600123,無死走者なし,セカンドゴロ 1アウト,1,0,0,0,0,0,0,0,0,0,0,0,0,0,0,0,1,0,000,0,,,2026-03-04,京セラD大阪,ナイター,オリックス・バファローズ,広島東洋カープ,オリックス・バファローズ,広島東洋カープ,1
2021040036,1,裏,2,1400196,1600123,一死走者なし,フォアボールを選ぶ 一塁,0,0,0,0,0,1,0,0,0,0,0,0,0,0,0,0,1,1,000,0,,,2026-03-04,京セラD大阪,ナイター,オリックス・バファローズ,広島東洋カープ,オリックス・バファローズ,広島東洋カープ,1
2021040036,1,裏,3,1800104,1600123,一死一塁,低めのツーシームを打つもライトフライ 2アウト,1,0,0,0,0,0,0,0,0,0,0,0,0,0,0,0,1,1,100,0,ツーシーム,低め,2026-03-04,京セラD大阪,ナイター,オリックス・バファローズ,広島東洋カープ,オリックス・バファローズ,広島東洋カープ,1
2021040036,1,裏,4,1800098,1600123,二死一塁,セカンドフライ 3アウト,1,0,0,0,0,0,0,0,0,0,0,0,0,0,0,0,1,2,100,0,,,2026-03-04,京セラD大阪,ナイター,オリックス・バファローズ,広島東洋カープ,オリックス・バファローズ,広島東洋カープ,1
2021040036,2,表,1,2110148,2000096,無死走者なし,センターへのヒットを放つ 一塁,1,1,0,0,0,0,0,0,0,0,0,0,0,0,0,0,1,0,000,0,,,2026-03-04,京セラD大阪,ナイター,オリックス・バファローズ,広島東洋カープ,広島東洋カープ,オリックス・バファローズ,0
2021040036,2,表,2,2000066,2000096,無死一塁,サードフライ 1アウト,1,0,0,0,0,0,0,0,0,0,0,0,0,0,0,0,1,0,100,0,,,2026-03-04,京セラD大阪,ナイター,オリックス・バファローズ,広島東洋カープ,広島東洋カープ,オリックス・バファローズ,0
2021040036,2,表,3,1600124,2000096,一死一塁,外角高めの球を打つもセンターフライ 2アウト,1,0,0,0,0,0,0,0,0,0,0,0,0,0,0,0,1,1,100,0,,外角高め,2026-03-04,京セラD大阪,ナイター,オリックス・バファローズ,広島東洋カープ,広島東洋カープ,オリックス・バファローズ,0
2021040036,2,表,4,2110422,2000096,二死一塁,サードへのファウルフライに倒れる 3アウト,1,0,0,0,0,0,0,0,0,0,0,0,0,0,0,0,1,2,100,0,,,2026-03-04,京セラD大阪,ナイター,オリックス・バファローズ,広島東洋カープ,広島東洋カープ,オリックス・バファローズ,0
2021040036,2,裏,1,1900088,1600123,無死走者なし,8球粘った末にフォアボールを選ぶ 一塁,0,0,0,0,0,1,0,0,0,0,0,0,0,0,0,0,1,0,000,0,,,2026-03-04,京セラD大阪,ナイター,オリックス・バファローズ,広島東洋カープ,オリックス・バファローズ,広島東洋カープ,1
2021040036,2,裏,2,1400201,1600123,無死一塁,空振りの三振を喫する 1アウト,1,0,0,0,0,0,0,1,0,0,0,0,0,0,0,0,1,0,100,0,,,2026-03-04,京セラD大阪,ナイター,オリックス・バファローズ,広島東洋カープ,オリックス・バファローズ,広島東洋カープ,1
2021040036,2,裏,3,1500135,1600123,一死一塁,ボテボテのセカンドゴロ 2アウト二塁,1,0,0,0,0,0,0,0,0,0,0,0,0,0,0,0,1,1,100,0,,,2026-03-04,京セラD大阪,ナイター,オリックス・バファローズ,広島東洋カープ,オリックス・バファローズ,広島東洋カープ,1
2021040036,2,裏,4,1650056,1600123,二死二塁,一打先制の場面でセカンドゴロ 3アウト,1,0,0,0,0,0,0,0,0,0,0,0,0,0,0,0,1,2,010,1,,,2026-03-04,京セラD大阪,ナイター,オリックス・バファローズ,広島東洋カープ,オリックス・バファローズ,広島東洋カープ,1
2021040036,3,表,1,1100082,2000096,無死走者なし,ショートゴロ 1アウト,1,0,0,0,0,0,0,0,0,0,0,0,0,0,0,0,1,0,000,0,,,2026-03-04,京セラD大阪,ナイター,オリックス・バファローズ,広島東洋カープ,広島東洋カープ,オリックス・バファローズ,0
2021040036,3,表,2,1700068,2000096,一死走者なし,セカンドゴロ 2アウト,1,0,0,0,0,0,0,0,0,0,0,0,0,0,0,0,1,1,000,0,,,2026-03-04,京セラD大阪,ナイター,オリックス・バファローズ,広島東洋カープ,広島東洋カープ,オリックス・バファローズ,0
2021040036,3,表,3,2110164,2000096,二死走者なし,ど真ん中の真っ直ぐを打つもショートライナー 3アウト,1,0,0,0,0,0,0,0,0,0,0,0,0,0,0,0,1,2,000,0,真っ直ぐ,ど真ん中,2026-03-04,京セラD大阪,ナイター,オリックス・バファローズ,広島東洋カープ,広島東洋カープ,オリックス・バファローズ,0
2021040036,3,裏,1,2110153,1900052,無死走者なし,セカンドゴロ 1アウト,1,0,0,0,0,0,0,0,0,0,0,0,0,0,0,0,1,0,000,0,,,2026-03-04,京セラD大阪,ナイター,オリックス・バファローズ,広島東洋カープ,オリックス・バファローズ,広島東洋カープ,1
2021040036,3,裏,2,1500096,1900052,一死走者なし,フォアボールを選ぶ 一塁,0,0,0,0,0,1,0,0,0,0,0,0,0,0,0,0,1,1,000,0,,,2026-03-04,京セラD大阪,ナイター,オリックス・バファローズ,広島東洋カープ,オリックス・バファローズ,広島東洋カープ,1
2021040036,3,裏,3,1400196,1900052,一死一塁,セカンドゴロ 2アウト二塁,1,0,0,0,0,0,0,0,0,0,0,0,0,0,0,0,1,1,100,0,,,2026-03-04,京セラD大阪,ナイター,オリックス・バファローズ,広島東洋カープ,オリックス・バファローズ,広島東洋カープ,1
2021040036,3,裏,4,1800104,1900052,二死二塁,一打先制の場面でサードゴロ 3アウト,1,0,0,0,0,0,0,0,0,0,0,0,0,0,0,0,1,2,010,1,,,2026-03-04,京セラD大阪,ナイター,オリックス・バファローズ,広島東洋カープ,オリックス・バファローズ,広島東洋カープ,1
2021040036,4,表,1,2050203,2000096,無死走者なし,ピッチャーゴロ 1アウト,1,0,0,0,0,0,0,0,0,0,0,0,0,0,0,0,1,0,000,0,,,2026-03-04,京セラD大阪,ナイター,オリックス・バファローズ,広島東洋カープ,広島東洋カープ,オリックス・バファローズ,0
2021040036,4,表,2,1000150,2000096,一死走者なし,外角高めの球を打つもショートライナー 2アウト,1,0,0,0,0,0,0,0,0,0,0,0,0,0,0,0,1,1,000,0,,外角高め,2026-03-04,京セラD大阪,ナイター,オリックス・バファローズ,広島東洋カープ,広島東洋カープ,オリックス・バファローズ,0
2021040036,4,表,3,2110148,2000096,二死走者なし,高めのストレートを打つもレフトフライ 3アウト,1,0,0,0,0,0,0,0,0,0,0,0,0,0,0,0,1,2,000,0,ストレート,高め,2026-03-04,京セラD大阪,ナイター,オリックス・バファローズ,広島東洋カープ,広島東洋カープ,オリックス・バファローズ,0
2021040036,4,裏,1,1800098,1900052,無死走者なし,高めの球を打つもセンターフライ 1アウト,1,0,0,0,0,0,0,0,0,0,0,0,0,0,0,0,1,0,000,0,,高め,2026-03-04,京セラD大阪,ナイター,オリックス・バファローズ,広島東洋カープ,オリックス・バファローズ,広島東洋カープ,1
2021040036,4,裏,2,1900088,1900052,一死走者なし,空振り三振でバッターアウト 2アウト,1,0,0,0,0,0,0,1,0,0,0,0,0,0,0,0,1,1,000,0,,,2026-03-04,京セラD大阪,ナイター,オリックス・バファローズ,広島東洋カープ,オリックス・バファローズ,広島東洋カープ,1
2021040036,4,裏,3,1400201,1900052,二死走者なし,ファウルフライを,1,0,0,0,0,0,0,0,0,0,0,0,0,0,0,0,1,2,000,0,,,2026-03-04,京セラD大阪,ナイター,オリックス・バファローズ,広島東洋カープ,オリックス・バファローズ,広島東洋カープ,1
2021040036,5,表,1,2000066,2000096,無死走者なし,ファウルフライを,1,0,0,0,0,0,0,0,0,0,0,0,0,0,0,0,1,0,000,0,,,2026-03-04,京セラD大阪,ナイター,オリックス・バファローズ,広島東洋カープ,広島東洋カープ,オリックス・バファローズ,0
2021040036,5,表,2,1600124,2000096,一死走者なし,空振り三振でバッターアウト 2アウト,1,0,0,0,0,0,0,1,0,0,0,0,0,0,0,0,1,1,000,0,,,2026-03-04,京セラD大阪,ナイター,オリックス・バファローズ,広島東洋カープ,広島東洋カープ,オリックス・バファローズ,0
2021040036,5,表,3,2110422,2000096,二死走者なし,ファウルフライを,1,0,0,0,0,0,0,0,0,0,0,0,0,0,0,0,1,2,000,0,,,2026-03-04,京セラD大阪,ナイター,オリックス・バファローズ,広島東洋カープ,広島東洋カープ,オリックス・バファローズ,0
2021040036,5,裏,1,1500135,1900052,無死走者なし,ピッチャーゴロ 1アウト,1,0,0,0,0,0,0,0,0,0,0,0,0,0,0,0,1,0,000,0,,,2026-03-04,京セラD大阪,ナイター,オリックス・バファローズ,広島東洋カープ,オリックス・バファローズ,広島東洋カープ,1
2021040036,5,裏,2,1300100,1900052,一死走者なし,ファーストゴロ 2アウト,1,0,0,0,0,0,0,0,0,0,0,0,0,0,0,0,1,1,000,0,,,2026-03-04,京セラD大阪,ナイター,オリックス・バファローズ,広島東洋カープ,オリックス・バファローズ,広島東洋カープ,1
2021040036,5,裏,3,2110153,1900052,二死走者なし,三塁線へセーフティバントを試み、一塁セーフ 一塁,0,0,0,0,0,0,0,0,1,0,0,0,0,0,0,0,1,2,000,0,,,2026-03-04,京セラD大阪,ナイター,オリックス・バファローズ,広島東洋カープ,オリックス・バファローズ,広島東洋カープ,1
2021040036,5,裏,4,1500096,1900052,二死一塁,一塁けん制:ランナー,0,0,0,0,0,0,0,0,0,0,0,0,0,0,0,0,0,2,100,0,,,2026-03-04,京セラD大阪,ナイター,オリックス・バファローズ,広島東洋カープ,オリックス・バファローズ,広島東洋カープ,1
2021040036,6,表,1,1100082,1300100,無死走者なし,ピッチャーゴロ 1アウト,1,0,0,0,0,0,0,0,0,0,0,0,0,0,0,0,1,0,000,0,,,2026-03-04,京セラD大阪,ナイター,オリックス・バファローズ,広島東洋カープ,広島東洋カープ,オリックス・バファローズ,0
2021040036,6,表,2,1700068,1300100,一死走者なし,空振り三振でバッターアウト 2アウト,1,0,0,0,0,0,0,1,0,0,0,0,0,0,0,0,1,1,000,0,,,2026-03-04,京セラD大阪,ナイター,オリックス・バファローズ,広島東洋カープ,広島東洋カープ,オリックス・バファローズ,0
2021040036,6,表,3,2110164,1300100,二死走者なし,高めのストレートを打つもライトフライ 3アウト,1,0,0,0,0,0,0,0,0,0,0,0,0,0,0,0,1,2,000,0,ストレート,高め,2026-03-04,京セラD大阪,ナイター,オリックス・バファローズ,広島東洋カープ,広島東洋カープ,オリックス・バファローズ,0
2021040036,6,裏,1,1400196,2112143,無死走者なし,フォアボールを選ぶ 一塁,0,0,0,0,0,1,0,0,0,0,0,0,0,0,0,0,1,0,000,0,,,2026-03-04,京セラD大阪,ナイター,オリックス・バファローズ,広島東洋カープ,オリックス・バファローズ,広島東洋カープ,1
2021040036,6,裏,2,1800104,2112143,無死一塁,5-4-3のダブルプレー 2アウト,1,0,0,0,0,0,0,0,0,0,1,0,0,0,0,0,1,0,100,0,,,2026-03-04,京セラD大阪,ナイター,オリックス・バファローズ,広島東洋カープ,オリックス・バファローズ,広島東洋カープ,1
2021040036,6,裏,3,1800098,2112143,二死走者なし,見逃し三振でバッターアウト！ 3アウト,1,0,0,0,0,0,0,1,0,0,0,0,0,0,0,0,1,2,000,0,,,2026-03-04,京セラD大阪,ナイター,オリックス・バファローズ,広島東洋カープ,オリックス・バファローズ,広島東洋カープ,1
2021040036,7,表,1,2050203,1300100,無死走者なし,空振り三振 1アウト,1,0,0,0,0,0,0,1,0,0,0,0,0,0,0,0,1,0,000,0,,,2026-03-04,京セラD大阪,ナイター,オリックス・バファローズ,広島東洋カープ,広島東洋カープ,オリックス・バファローズ,0
2021040036,7,表,2,1000150,1300100,一死走者なし,ど真ん中のストレートを打つもレフトフライ 2アウト,1,0,0,0,0,0,0,0,0,0,0,0,0,0,0,0,1,1,000,0,ストレート,ど真ん中,2026-03-04,京セラD大阪,ナイター,オリックス・バファローズ,広島東洋カープ,広島東洋カープ,オリックス・バファローズ,0
2021040036,7,表,3,2110148,1300100,二死走者なし,ショートゴロ 3アウト,1,0,0,0,0,0,0,0,0,0,0,0,0,0,0,0,1,2,000,0,,,2026-03-04,京セラD大阪,ナイター,オリックス・バファローズ,広島東洋カープ,広島東洋カープ,オリックス・バファローズ,0
2021040036,7,裏,1,1900088,2107875,無死走者なし,内角低めの変化球を打つもレフトフライ 1アウト,1,0,0,0,0,0,0,0,0,0,0,0,0,0,0,0,1,0,000,0,変化球,内角低め,2026-03-04,京セラD大阪,ナイター,オリックス・バファローズ,広島東洋カープ,オリックス・バファローズ,広島東洋カープ,1
2021040036,7,裏,2,2117200,2107875,一死走者なし,ファーストゴロ 2アウト,1,0,0,0,0,0,0,0,0,0,0,0,0,0,0,0,1,1,000,0,,,2026-03-04,京セラD大阪,ナイター,オリックス・バファローズ,広島東洋カープ,オリックス・バファローズ,広島東洋カープ,1
2021040036,7,裏,3,1500112,2107875,二死走者なし,ライトへのヒットで出塁 一塁,1,1,0,0,0,0,0,0,0,0,0,0,0,0,0,0,1,2,000,0,,,2026-03-04,京セラD大阪,ナイター,オリックス・バファローズ,広島東洋カープ,オリックス・バファローズ,広島東洋カープ,1
2021040036,7,裏,4,1300100,2107875,二死一塁,一塁けん制:ランナー,0,0,0,0,0,0,0,0,0,0,0,0,0,0,0,0,0,2,100,0,,,2026-03-04,京セラD大阪,ナイター,オリックス・バファローズ,広島東洋カープ,オリックス・バファローズ,広島東洋カープ,1
2021040036,7,裏,5,2110153,2107875,二死一二塁,－広島:内野手マウンドへ集まる－,0,0,0,0,0,0,0,0,0,0,0,0,0,0,0,0,0,2,110,1,,,2026-03-04,京セラD大阪,ナイター,オリックス・バファローズ,広島東洋カープ,オリックス・バファローズ,広島東洋カープ,1
2021040036,8,表,1,2000066,1300100,無死走者なし,空振り三振でバッターアウト 1アウト,1,0,0,0,0,0,0,1,0,0,0,0,0,0,0,0,1,0,000,0,,,2026-03-04,京セラD大阪,ナイター,オリックス・バファローズ,広島東洋カープ,広島東洋カープ,オリックス・バファローズ,0
2021040036,8,表,2,1600124,1300100,一死走者なし,二塁打 二塁,1,1,1,0,0,0,0,0,0,0,0,0,0,0,0,0,1,1,000,0,,,2026-03-04,京セラD大阪,ナイター,オリックス・バファローズ,広島東洋カープ,広島東洋カープ,オリックス・バファローズ,0
2021040036,8,表,3,2110422,1300100,一死二塁,内角高めのストレートを打つもファーストライナー 2アウト,1,0,0,0,0,0,0,0,0,0,0,0,0,0,0,0,1,1,010,1,ストレート,内角高め,2026-03-04,京セラD大阪,ナイター,オリックス・バファローズ,広島東洋カープ,広島東洋カープ,オリックス・バファローズ,0
2021040036,8,表,4,2112143,1300100,二死二塁,ファーストゴロ 3アウト,1,0,0,0,0,0,0,0,0,0,0,0,0,0,0,0,1,2,010,1,,,2026-03-04,京セラD大阪,ナイター,オリックス・バファローズ,広島東洋カープ,広島東洋カープ,オリックス・バファローズ,0
2021040036,8,裏,1,2000098,1900056,無死走者なし,フォアボールを選ぶ 一塁,0,0,0,0,0,1,0,0,0,0,0,0,0,0,0,0,1,0,000,0,,,2026-03-04,京セラD大阪,ナイター,オリックス・バファローズ,広島東洋カープ,オリックス・バファローズ,広島東洋カープ,1
2021040036,8,裏,2,1500041,1900056,無死一塁,一塁けん制:ランナー,0,0,0,0,0,0,0,0,0,0,0,0,0,0,0,0,0,0,100,0,,,2026-03-04,京セラD大阪,ナイター,オリックス・バファローズ,広島東洋カープ,オリックス・バファローズ,広島東洋カープ,1
2021040036,8,裏,3,1750667,1900056,無死一二塁,見事送りバントを決める 1アウト二三塁,0,0,0,0,0,0,0,0,1,0,0,0,0,0,0,0,1,0,110,1,,,2026-03-04,京セラD大阪,ナイター,オリックス・バファローズ,広島東洋カープ,オリックス・バファローズ,広島東洋カープ,1
2021040036,8,裏,4,1650722,1900056,一死二三塁,1アウト二三塁の1-0からセンターへのタイムリースリーベースでオリックス先制！ オ 2-0 広 三塁,1,1,0,1,0,0,0,0,0,0,0,0,0,0,0,0,1,1,111,1,,,2026-03-04,京セラD大阪,ナイター,オリックス・バファローズ,広島東洋カープ,オリックス・バファローズ,広島東洋カープ,1
2021040036,8,裏,5,1751068,1900056,一死三塁,セカンドフライ 2アウト,1,0,0,0,0,0,0,0,0,0,0,0,0,0,0,0,1,1,001,1,,,2026-03-04,京セラD大阪,ナイター,オリックス・バファローズ,広島東洋カープ,オリックス・バファローズ,広島東洋カープ,1
2021040036,8,裏,6,2117200,1900056,二死三塁,2アウト三塁から内角の球を打つもレフトフライ 3アウト,1,0,0,0,0,0,0,0,0,0,0,0,0,0,0,0,1,2,001,1,,内角,2026-03-04,京セラD大阪,ナイター,オリックス・バファローズ,広島東洋カープ,オリックス・バファローズ,広島東洋カープ,1
2021040036,9,表,1,1700068,1300100,無死走者なし,ファウルフライを,1,0,0,0,0,0,0,0,0,0,0,0,0,0,0,0,1,0,000,0,,,2026-03-04,京セラD大阪,ナイター,オリックス・バファローズ,広島東洋カープ,広島東洋カープ,オリックス・バファローズ,0
2021040036,9,表,2,2110164,1300100,一死走者なし,ワンバウンドした球に空振り、三振を喫する 2アウト,1,0,0,0,0,0,0,1,0,0,0,0,0,0,0,0,1,1,000,0,,,2026-03-04,京セラD大阪,ナイター,オリックス・バファローズ,広島東洋カープ,広島東洋カープ,オリックス・バファローズ,0
2021040036,9,表,3,2050203,1300100,二死走者なし,ショートゴロ 3アウト,1,0,0,0,0,0,0,0,0,0,0,0,0,0,0,0,1,2,000,0,,,2026-03-04,京セラD大阪,ナイター,オリックス・バファローズ,広島東洋カープ,広島東洋カープ,オリックス・バファローズ,0
2021040037,1,表,1,1900028,1900106,無死走者なし,空振りの三振を喫する 1アウト,1,0,0,0,0,0,0,1,0,0,0,0,0,0,0,0,1,0,000,0,,,2026-03-04,みずほPayPay,ナイター,福岡ソフトバンクホークス,東京ヤクルトスワローズ,東京ヤクルトスワローズ,福岡ソフトバンクホークス,0
2021040037,1,表,2,1650522,1900106,一死走者なし,ショートゴロ 2アウト,1,0,0,0,0,0,0,0,0,0,0,0,0,0,0,0,1,1,000,0,,,2026-03-04,みずほPayPay,ナイター,福岡ソフトバンクホークス,東京ヤクルトスワローズ,東京ヤクルトスワローズ,福岡ソフトバンクホークス,0
2021040037,1,表,3,2000133,1900106,二死走者なし,ショートフライ 3アウト,1,0,0,0,0,0,0,0,0,0,0,0,0,0,0,0,1,2,000,0,,,2026-03-04,みずほPayPay,ナイター,福岡ソフトバンクホークス,東京ヤクルトスワローズ,東京ヤクルトスワローズ,福岡ソフトバンクホークス,0
2021040037,1,裏,1,1900104,2107908,無死走者なし,フォアボールを選ぶ 一塁,0,0,0,0,0,1,0,0,0,0,0,0,0,0,0,0,1,0,000,0,,,2026-03-04,みずほPayPay,ナイター,福岡ソフトバンクホークス,東京ヤクルトスワローズ,福岡ソフトバンクホークス,東京ヤクルトスワローズ,1
2021040037,1,裏,2,1400127,2107908,無死一塁,見逃し三振でバッターアウト！ 1アウト,1,0,0,0,0,0,0,1,0,0,0,0,0,0,0,0,1,0,100,0,,,2026-03-04,みずほPayPay,ナイター,福岡ソフトバンクホークス,東京ヤクルトスワローズ,福岡ソフトバンクホークス,東京ヤクルトスワローズ,1
2021040037,1,裏,3,1000128,2107908,一死一塁,一塁けん制:ランナー,0,0,0,0,0,0,0,0,0,0,0,0,0,0,0,0,0,1,100,0,,,2026-03-04,みずほPayPay,ナイター,福岡ソフトバンクホークス,東京ヤクルトスワローズ,福岡ソフトバンクホークス,東京ヤクルトスワローズ,1
2021040037,1,裏,4,1300101,2107908,二死一塁,空振り三振でバッターアウト 3アウト,1,0,0,0,0,0,0,1,0,0,0,0,0,0,0,0,1,2,100,0,,,2026-03-04,みずほPayPay,ナイター,福岡ソフトバンクホークス,東京ヤクルトスワローズ,福岡ソフトバンクホークス,東京ヤクルトスワローズ,1
2021040037,2,表,1,2000135,1900106,無死走者なし,サードゴロ 1アウト,1,0,0,0,0,0,0,0,0,0,0,0,0,0,0,0,1,0,000,0,,,2026-03-04,みずほPayPay,ナイター,福岡ソフトバンクホークス,東京ヤクルトスワローズ,東京ヤクルトスワローズ,福岡ソフトバンクホークス,0
2021040037,2,表,2,2000031,1900106,一死走者なし,セカンドフライ 2アウト,1,0,0,0,0,0,0,0,0,0,0,0,0,0,0,0,1,1,000,0,,,2026-03-04,みずほPayPay,ナイター,福岡ソフトバンクホークス,東京ヤクルトスワローズ,東京ヤクルトスワローズ,福岡ソフトバンクホークス,0
2021040037,2,表,3,1650165,1900106,二死走者なし,見逃し三振でバッターアウト！ 3アウト,1,0,0,0,0,0,0,1,0,0,0,0,0,0,0,0,1,2,000,0,,,2026-03-04,みずほPayPay,ナイター,福岡ソフトバンクホークス,東京ヤクルトスワローズ,東京ヤクルトスワローズ,福岡ソフトバンクホークス,0
2021040037,2,裏,1,2000109,2107908,無死走者なし,ショートゴロ 1アウト,1,0,0,0,0,0,0,0,0,0,0,0,0,0,0,0,1,0,000,0,,,2026-03-04,みずほPayPay,ナイター,福岡ソフトバンクホークス,東京ヤクルトスワローズ,福岡ソフトバンクホークス,東京ヤクルトスワローズ,1
2021040037,2,裏,2,1000035,2107908,一死走者なし,空振りの三振を喫する 2アウト,1,0,0,0,0,0,0,1,0,0,0,0,0,0,0,0,1,1,000,0,,,2026-03-04,みずほPayPay,ナイター,福岡ソフトバンクホークス,東京ヤクルトスワローズ,福岡ソフトバンクホークス,東京ヤクルトスワローズ,1
2021040037,2,裏,3,2103876,2107908,二死走者なし,外角のストレートを打つもセカンドライナー 3アウト,1,0,0,0,0,0,0,0,0,0,0,0,0,0,0,0,1,2,000,0,ストレート,外角,2026-03-04,みずほPayPay,ナイター,福岡ソフトバンクホークス,東京ヤクルトスワローズ,福岡ソフトバンクホークス,東京ヤクルトスワローズ,1
2021040037,3,表,1,1900029,1900106,無死走者なし,レフトへのツーベース 二塁,1,1,1,0,0,0,0,0,0,0,0,0,0,0,0,0,1,0,000,0,,,2026-03-04,みずほPayPay,ナイター,福岡ソフトバンクホークス,東京ヤクルトスワローズ,東京ヤクルトスワローズ,福岡ソフトバンクホークス,0
2021040037,3,表,2,2109495,1900106,無死二塁,ランナー二塁からライトへのヒットを放つ 一三塁,1,1,0,0,0,0,0,0,0,0,0,0,0,0,0,0,1,0,010,1,,,2026-03-04,みずほPayPay,ナイター,福岡ソフトバンクホークス,東京ヤクルトスワローズ,東京ヤクルトスワローズ,福岡ソフトバンクホークス,0
2021040037,3,表,3,2102997,1900106,無死一三塁,一塁けん制:ランナー,0,0,0,0,0,0,0,0,0,0,0,0,0,0,0,0,0,0,101,1,,,2026-03-04,みずほPayPay,ナイター,福岡ソフトバンクホークス,東京ヤクルトスワローズ,東京ヤクルトスワローズ,福岡ソフトバンクホークス,0
2021040037,3,表,4,1900028,1900106,一死一三塁,一塁けん制:ランナー,0,0,0,0,0,0,0,0,0,0,0,0,0,0,0,0,0,1,101,1,,,2026-03-04,みずほPayPay,ナイター,福岡ソフトバンクホークス,東京ヤクルトスワローズ,東京ヤクルトスワローズ,福岡ソフトバンクホークス,0
2021040037,3,表,5,1650522,1900106,一死一三塁,セカンドゴロの間にヤクルト1点をあげる ソ 0-2 ヤ 2アウト一塁,1,0,0,0,0,0,0,0,0,0,0,0,0,0,0,0,1,1,101,1,,,2026-03-04,みずほPayPay,ナイター,福岡ソフトバンクホークス,東京ヤクルトスワローズ,東京ヤクルトスワローズ,福岡ソフトバンクホークス,0
2021040037,3,表,6,2000133,1900106,二死一塁,一塁けん制:ランナー,0,0,0,0,0,0,0,0,0,0,0,0,0,0,0,0,0,2,100,0,,,2026-03-04,みずほPayPay,ナイター,福岡ソフトバンクホークス,東京ヤクルトスワローズ,東京ヤクルトスワローズ,福岡ソフトバンクホークス,0
2021040037,3,裏,1,1900101,2107908,無死走者なし,ショートゴロ 1アウト,1,0,0,0,0,0,0,0,0,0,0,0,0,0,0,0,1,0,000,0,,,2026-03-04,みずほPayPay,ナイター,福岡ソフトバンクホークス,東京ヤクルトスワローズ,福岡ソフトバンクホークス,東京ヤクルトスワローズ,1
2021040037,3,裏,2,1500143,2107908,一死走者なし,ファーストゴロ 2アウト,1,0,0,0,0,0,0,0,0,0,0,0,0,0,0,0,1,1,000,0,,,2026-03-04,みずほPayPay,ナイター,福岡ソフトバンクホークス,東京ヤクルトスワローズ,福岡ソフトバンクホークス,東京ヤクルトスワローズ,1
2021040037,3,裏,3,1900104,2107908,二死走者なし,ホームラン ソ 1-2 ヤ,1,1,0,0,1,0,0,0,0,0,0,1,1,0,0,0,1,2,000,0,,,2026-03-04,みずほPayPay,ナイター,福岡ソフトバンクホークス,東京ヤクルトスワローズ,福岡ソフトバンクホークス,東京ヤクルトスワローズ,1
2021040037,3,裏,4,1400127,2107908,二死走者なし,フォアボールを選ぶ 一塁,0,0,0,0,0,1,0,0,0,0,0,0,0,0,0,0,1,2,000,0,,,2026-03-04,みずほPayPay,ナイター,福岡ソフトバンクホークス,東京ヤクルトスワローズ,福岡ソフトバンクホークス,東京ヤクルトスワローズ,1
2021040037,3,裏,5,1000128,2107908,二死一塁,高めのカーブを打つもライトフライ 3アウト,1,0,0,0,0,0,0,0,0,0,0,0,0,0,0,0,1,2,100,0,カーブ,高め,2026-03-04,みずほPayPay,ナイター,福岡ソフトバンクホークス,東京ヤクルトスワローズ,福岡ソフトバンクホークス,東京ヤクルトスワローズ,1
2021040037,4,表,1,2000133,1900106,無死走者なし,ライトへのヒットで出塁 一塁,1,1,0,0,0,0,0,0,0,0,0,0,0,0,0,0,1,0,000,0,,,2026-03-04,みずほPayPay,ナイター,福岡ソフトバンクホークス,東京ヤクルトスワローズ,東京ヤクルトスワローズ,福岡ソフトバンクホークス,0
2021040037,4,表,2,2000135,1900106,無死一塁,ワンバウンドした球を空振り三振 1アウト,1,0,0,0,0,0,0,1,0,0,0,0,0,0,0,0,1,0,100,0,,,2026-03-04,みずほPayPay,ナイター,福岡ソフトバンクホークス,東京ヤクルトスワローズ,東京ヤクルトスワローズ,福岡ソフトバンクホークス,0
2021040037,4,表,3,2000031,1900106,一死一塁,ファーストゴロ 2アウト二塁,1,0,0,0,0,0,0,0,0,0,0,0,0,0,0,0,1,1,100,0,,,2026-03-04,みずほPayPay,ナイター,福岡ソフトバンクホークス,東京ヤクルトスワローズ,東京ヤクルトスワローズ,福岡ソフトバンクホークス,0
2021040037,4,表,4,1650165,1900106,二死二塁,カウント2-2から空振りの三振を喫する 3アウト,1,0,0,0,0,0,0,1,0,0,0,0,0,0,0,0,1,2,010,1,,,2026-03-04,みずほPayPay,ナイター,福岡ソフトバンクホークス,東京ヤクルトスワローズ,東京ヤクルトスワローズ,福岡ソフトバンクホークス,0
2021040037,4,裏,1,1300101,1750696,無死走者なし,ワンバウンドした球を空振り三振 1アウト,1,0,0,0,0,0,0,1,0,0,0,0,0,0,0,0,1,0,000,0,,,2026-03-04,みずほPayPay,ナイター,福岡ソフトバンクホークス,東京ヤクルトスワローズ,福岡ソフトバンクホークス,東京ヤクルトスワローズ,1
2021040037,4,裏,2,2000109,1750696,一死走者なし,空振り三振でバッターアウト 2アウト,1,0,0,0,0,0,0,1,0,0,0,0,0,0,0,0,1,1,000,0,,,2026-03-04,みずほPayPay,ナイター,福岡ソフトバンクホークス,東京ヤクルトスワローズ,福岡ソフトバンクホークス,東京ヤクルトスワローズ,1
2021040037,4,裏,3,1000035,1750696,二死走者なし,ショートゴロ 3アウト,1,0,0,0,0,0,0,0,0,0,0,0,0,0,0,0,1,2,000,0,,,2026-03-04,みずほPayPay,ナイター,福岡ソフトバンクホークス,東京ヤクルトスワローズ,福岡ソフトバンクホークス,東京ヤクルトスワローズ,1
2021040037,5,表,1,1900029,1550517,無死走者なし,四球を選ぶ 一塁,0,0,0,0,0,1,0,0,0,0,0,0,0,0,0,0,1,0,000,0,,,2026-03-04,みずほPayPay,ナイター,福岡ソフトバンクホークス,東京ヤクルトスワローズ,東京ヤクルトスワローズ,福岡ソフトバンクホークス,0
2021040037,5,表,2,2109495,1550517,無死一塁,空振り三振！一塁走者,1,0,0,0,0,0,0,1,0,0,0,0,0,0,0,0,1,0,100,0,,,2026-03-04,みずほPayPay,ナイター,福岡ソフトバンクホークス,東京ヤクルトスワローズ,東京ヤクルトスワローズ,福岡ソフトバンクホークス,0
2021040037,5,表,3,2102997,1550517,二死走者なし,ヒット 一塁,1,1,0,0,0,0,0,0,0,0,0,0,0,0,0,0,1,2,000,0,,,2026-03-04,みずほPayPay,ナイター,福岡ソフトバンクホークス,東京ヤクルトスワローズ,東京ヤクルトスワローズ,福岡ソフトバンクホークス,0
2021040037,5,表,4,1900028,1550517,二死一塁,ファーストゴロ 3アウト,1,0,0,0,0,0,0,0,0,0,0,0,0,0,0,0,1,2,100,0,,,2026-03-04,みずほPayPay,ナイター,福岡ソフトバンクホークス,東京ヤクルトスワローズ,東京ヤクルトスワローズ,福岡ソフトバンクホークス,0
2021040037,5,裏,1,2103876,1750696,無死走者なし,ショートゴロ 1アウト,1,0,0,0,0,0,0,0,0,0,0,0,0,0,0,0,1,0,000,0,,,2026-03-04,みずほPayPay,ナイター,福岡ソフトバンクホークス,東京ヤクルトスワローズ,福岡ソフトバンクホークス,東京ヤクルトスワローズ,1
2021040037,5,裏,2,1900101,1750696,一死走者なし,バットを折りながらもライトへヒットを放つ 一塁,1,1,0,0,0,0,0,0,0,0,0,0,0,0,0,0,1,1,000,0,,,2026-03-04,みずほPayPay,ナイター,福岡ソフトバンクホークス,東京ヤクルトスワローズ,福岡ソフトバンクホークス,東京ヤクルトスワローズ,1
2021040037,5,裏,3,1500143,1750696,一死一塁,一塁けん制:ランナー,0,0,0,0,0,0,0,0,0,0,0,0,0,0,0,0,0,1,100,0,,,2026-03-04,みずほPayPay,ナイター,福岡ソフトバンクホークス,東京ヤクルトスワローズ,福岡ソフトバンクホークス,東京ヤクルトスワローズ,1
2021040037,6,表,1,1650522,1550517,無死走者なし,ファーストゴロ 1アウト,1,0,0,0,0,0,0,0,0,0,0,0,0,0,0,0,1,0,000,0,,,2026-03-04,みずほPayPay,ナイター,福岡ソフトバンクホークス,東京ヤクルトスワローズ,東京ヤクルトスワローズ,福岡ソフトバンクホークス,0
2021040037,6,表,2,2000133,1550517,一死走者なし,外角高めの球を打つもセンターフライ 2アウト,1,0,0,0,0,0,0,0,0,0,0,0,0,0,0,0,1,1,000,0,,外角高め,2026-03-04,みずほPayPay,ナイター,福岡ソフトバンクホークス,東京ヤクルトスワローズ,東京ヤクルトスワローズ,福岡ソフトバンクホークス,0
2021040037,6,表,3,2000135,1550517,二死走者なし,ショートゴロ 3アウト,1,0,0,0,0,0,0,0,0,0,0,0,0,0,0,0,1,2,000,0,,,2026-03-04,みずほPayPay,ナイター,福岡ソフトバンクホークス,東京ヤクルトスワローズ,東京ヤクルトスワローズ,福岡ソフトバンクホークス,0
2021040037,6,裏,1,1900104,2102997,無死走者なし,高めのつり球に空振り三振 1アウト,1,0,0,0,0,0,0,1,0,0,0,0,0,0,0,0,1,0,000,0,,高め,2026-03-04,みずほPayPay,ナイター,福岡ソフトバンクホークス,東京ヤクルトスワローズ,福岡ソフトバンクホークス,東京ヤクルトスワローズ,1
2021040037,6,裏,2,1400127,2102997,一死走者なし,セカンドゴロ 2アウト,1,0,0,0,0,0,0,0,0,0,0,0,0,0,0,0,1,1,000,0,,,2026-03-04,みずほPayPay,ナイター,福岡ソフトバンクホークス,東京ヤクルトスワローズ,福岡ソフトバンクホークス,東京ヤクルトスワローズ,1
2021040037,6,裏,3,1000128,2102997,二死走者なし,ショートゴロ 3アウト,1,0,0,0,0,0,0,0,0,0,0,0,0,0,0,0,1,2,000,0,,,2026-03-04,みずほPayPay,ナイター,福岡ソフトバンクホークス,東京ヤクルトスワローズ,福岡ソフトバンクホークス,東京ヤクルトスワローズ,1
2021040037,7,表,1,2000031,1550517,無死走者なし,空振り三振 1アウト,1,0,0,0,0,0,0,1,0,0,0,0,0,0,0,0,1,0,000,0,,,2026-03-04,みずほPayPay,ナイター,福岡ソフトバンクホークス,東京ヤクルトスワローズ,東京ヤクルトスワローズ,福岡ソフトバンクホークス,0
2021040037,7,表,2,1650165,1550517,一死走者なし,外角高めのチェンジアップを打つもライトフライ 2アウト,1,0,0,0,0,0,0,0,0,0,0,0,0,0,0,0,1,1,000,0,チェンジアップ,外角高め,2026-03-04,みずほPayPay,ナイター,福岡ソフトバンクホークス,東京ヤクルトスワローズ,東京ヤクルトスワローズ,福岡ソフトバンクホークス,0
2021040037,7,表,3,2113365,1550517,二死走者なし,デッドボールを受ける 一塁,0,0,0,0,0,0,1,0,0,0,0,0,0,0,0,0,1,2,000,0,,,2026-03-04,みずほPayPay,ナイター,福岡ソフトバンクホークス,東京ヤクルトスワローズ,東京ヤクルトスワローズ,福岡ソフトバンクホークス,0
2021040037,7,表,4,2109495,1550517,二死一塁,一塁けん制:ランナー,0,0,0,0,0,0,0,0,0,0,0,0,0,0,0,0,0,2,100,0,,,2026-03-04,みずほPayPay,ナイター,福岡ソフトバンクホークス,東京ヤクルトスワローズ,東京ヤクルトスワローズ,福岡ソフトバンクホークス,0
2021040037,7,裏,1,1300101,2102997,無死走者なし,外角高めの球をレフトへ打ってヒット 一塁,1,1,0,0,0,0,0,0,0,0,0,0,0,0,0,0,1,0,000,0,,外角高め,2026-03-04,みずほPayPay,ナイター,福岡ソフトバンクホークス,東京ヤクルトスワローズ,福岡ソフトバンクホークス,東京ヤクルトスワローズ,1
2021040037,7,裏,2,2000109,2102997,無死一塁,空振りの三振を喫する 1アウト,1,0,0,0,0,0,0,1,0,0,0,0,0,0,0,0,1,0,100,0,,,2026-03-04,みずほPayPay,ナイター,福岡ソフトバンクホークス,東京ヤクルトスワローズ,福岡ソフトバンクホークス,東京ヤクルトスワローズ,1
2021040037,7,裏,3,1000035,2102997,一死一塁,一塁けん制:ランナー,0,0,0,0,0,0,0,0,0,0,0,0,0,0,0,0,0,1,100,0,,,2026-03-04,みずほPayPay,ナイター,福岡ソフトバンクホークス,東京ヤクルトスワローズ,福岡ソフトバンクホークス,東京ヤクルトスワローズ,1
2021040037,7,裏,4,2103876,2102997,一死一二塁,外角低めのチェンジアップを打つもレフトフライ 2アウト,1,0,0,0,0,0,0,0,0,0,0,0,0,0,0,0,1,1,110,1,チェンジアップ,外角低め,2026-03-04,みずほPayPay,ナイター,福岡ソフトバンクホークス,東京ヤクルトスワローズ,福岡ソフトバンクホークス,東京ヤクルトスワローズ,1
2021040037,7,裏,5,2103735,2102997,二死一二塁,一打同点の場面で低めの球を打つもレフトフライ 3アウト,1,0,0,0,0,0,0,0,0,0,0,0,0,0,0,0,1,2,110,1,,低め,2026-03-04,みずほPayPay,ナイター,福岡ソフトバンクホークス,東京ヤクルトスワローズ,福岡ソフトバンクホークス,東京ヤクルトスワローズ,1
2021040037,8,表,1,2102997,2103735,無死走者なし,センターへのヒットを放つ 一塁,1,1,0,0,0,0,0,0,0,0,0,0,0,0,0,0,1,0,000,0,,,2026-03-04,みずほPayPay,ナイター,福岡ソフトバンクホークス,東京ヤクルトスワローズ,東京ヤクルトスワローズ,福岡ソフトバンクホークス,0
2021040037,8,表,2,1900028,2103735,無死一塁,サードゴロ 1アウト二塁,1,0,0,0,0,0,0,0,0,0,0,0,0,0,0,0,1,0,100,0,,,2026-03-04,みずほPayPay,ナイター,福岡ソフトバンクホークス,東京ヤクルトスワローズ,東京ヤクルトスワローズ,福岡ソフトバンクホークス,0
2021040037,8,表,3,1650522,2103735,一死二塁,詰まった打球はセカンドゴロ 2アウト三塁,1,0,0,0,0,0,0,0,0,0,0,0,0,0,0,0,1,1,010,1,,,2026-03-04,みずほPayPay,ナイター,福岡ソフトバンクホークス,東京ヤクルトスワローズ,東京ヤクルトスワローズ,福岡ソフトバンクホークス,0
2021040037,8,表,4,2000133,2103735,二死三塁,2アウト三塁の2-1からセンターへのタイムリーヒット ソ 1-3 ヤ 一塁,1,1,0,0,0,0,0,0,0,0,0,1,0,0,0,0,1,2,001,1,,,2026-03-04,みずほPayPay,ナイター,福岡ソフトバンクホークス,東京ヤクルトスワローズ,東京ヤクルトスワローズ,福岡ソフトバンクホークス,0
2021040037,8,表,5,2107178,2103735,二死一塁,空振りの三振を喫する 3アウト,1,0,0,0,0,0,0,1,0,0,0,0,0,0,0,0,1,2,100,0,,,2026-03-04,みずほPayPay,ナイター,福岡ソフトバンクホークス,東京ヤクルトスワローズ,東京ヤクルトスワローズ,福岡ソフトバンクホークス,0
2021040037,8,裏,1,1500143,2102997,無死走者なし,空振り三振 1アウト,1,0,0,0,0,0,0,1,0,0,0,0,0,0,0,0,1,0,000,0,,,2026-03-04,みずほPayPay,ナイター,福岡ソフトバンクホークス,東京ヤクルトスワローズ,福岡ソフトバンクホークス,東京ヤクルトスワローズ,1
2021040037,8,裏,2,2000108,2102997,一死走者なし,7球粘るも外角高めの真っ直ぐに見逃し三振 2アウト,1,0,0,0,0,0,0,1,0,0,0,0,0,0,0,0,1,1,000,0,真っ直ぐ,外角高め,2026-03-04,みずほPayPay,ナイター,福岡ソフトバンクホークス,東京ヤクルトスワローズ,福岡ソフトバンクホークス,東京ヤクルトスワローズ,1
2021040037,8,裏,3,2112183,2102997,二死走者なし,空振りの三振を喫する 3アウト,1,0,0,0,0,0,0,1,0,0,0,0,0,0,0,0,1,2,000,0,,,2026-03-04,みずほPayPay,ナイター,福岡ソフトバンクホークス,東京ヤクルトスワローズ,福岡ソフトバンクホークス,東京ヤクルトスワローズ,1
2021040037,9,表,1,2000031,1800107,無死走者なし,全く手が出ず見逃し三振でバッターアウト 1アウト,1,0,0,0,0,0,0,1,0,0,0,0,0,0,0,0,1,0,000,0,,,2026-03-04,みずほPayPay,ナイター,福岡ソフトバンクホークス,東京ヤクルトスワローズ,東京ヤクルトスワローズ,福岡ソフトバンクホークス,0
2021040037,9,表,2,1650165,1800107,一死走者なし,フォアボールを選ぶ 一塁,0,0,0,0,0,1,0,0,0,0,0,0,0,0,0,0,1,1,000,0,,,2026-03-04,みずほPayPay,ナイター,福岡ソフトバンクホークス,東京ヤクルトスワローズ,東京ヤクルトスワローズ,福岡ソフトバンクホークス,0
2021040037,9,表,3,2113365,1800107,一死一塁,見逃し三振 2アウト,1,0,0,0,0,0,0,1,0,0,0,0,0,0,0,0,1,1,100,0,,,2026-03-04,みずほPayPay,ナイター,福岡ソフトバンクホークス,東京ヤクルトスワローズ,東京ヤクルトスワローズ,福岡ソフトバンクホークス,0
2021040037,9,表,4,2109495,1800107,二死一塁,空振りの三振を喫する 3アウト,1,0,0,0,0,0,0,1,0,0,0,0,0,0,0,0,1,2,100,0,,,2026-03-04,みずほPayPay,ナイター,福岡ソフトバンクホークス,東京ヤクルトスワローズ,東京ヤクルトスワローズ,福岡ソフトバンクホークス,0
2021040037,9,裏,1,2000009,2102997,無死走者なし,外角高めのストレートを打つもレフトフライ 1アウト,1,0,0,0,0,0,0,0,0,0,0,0,0,0,0,0,1,0,000,0,ストレート,外角高め,2026-03-04,みずほPayPay,ナイター,福岡ソフトバンクホークス,東京ヤクルトスワローズ,福岡ソフトバンクホークス,東京ヤクルトスワローズ,1
2021040037,9,裏,2,1950149,2102997,一死走者なし,サードゴロ 2アウト,1,0,0,0,0,0,0,0,0,0,0,0,0,0,0,0,1,1,000,0,,,2026-03-04,みずほPayPay,ナイター,福岡ソフトバンクホークス,東京ヤクルトスワローズ,福岡ソフトバンクホークス,東京ヤクルトスワローズ,1
2021040037,9,裏,3,1850172,2102997,二死走者なし,ハーフスイングを取られて三球三振 3アウト,1,0,0,0,0,0,0,1,0,0,0,0,0,0,0,0,1,2,000,0,,,2026-03-04,みずほPayPay,ナイター,福岡ソフトバンクホークス,東京ヤクルトスワローズ,福岡ソフトバンクホークス,東京ヤクルトスワローズ,1
